AM General,DJ Po Vehicle 2WD
AM General,FJ8c Post Office
AM General,Post Office DJ5 2WD
AM General,Post Office DJ8 2WD
ASC Incorporated,GNX
Acura,2.2CL/3.0CL
Acura,2.3CL/3.0CL
Acura,2.5TL
Acura,2.5TL/3.2TL
Acura,3.2CL
Acura,3.2TL
Acura,3.5RL
Acura,ILX
Acura,ILX Hybrid
Acura,Integra
Acura,Legend
Acura,MDX
Acura,MDX 2WD
Acura,MDX 4WD
Acura,MDX AWD
Acura,MDX AWD A-SPEC
Acura,MDX FWD
Acura,MDX Hybrid AWD
Acura,NSX
Acura,NSX Hybrid
Acura,RDX 2WD
Acura,RDX 4WD
Acura,RDX AWD
Acura,RDX AWD A-SPEC
Acura,RDX FWD
Acura,RDX FWD A-SPEC
Acura,RL
Acura,RLX
Acura,RLX Hybrid
Acura,RSX
Acura,SLX
Acura,TL
Acura,TL 2WD
Acura,TL 4WD
Acura,TLX
Acura,TLX 2WD
Acura,TLX 4WD
Acura,TLX AWD
Acura,TLX AWD A-SPEC
Acura,TLX FWD
Acura,TLX FWD A-SPEC
Acura,TSX
Acura,TSX Wagon
Acura,Vigor
Acura,ZDX 4WD
Alfa Romeo,164
Alfa Romeo,4C
Alfa Romeo,8 C Spider
Alfa Romeo,GT V6 2.5
Alfa Romeo,GTV
Alfa Romeo,Giulia
Alfa Romeo,Giulia AWD
Alfa Romeo,Milano
Alfa Romeo,Spider
Alfa Romeo,Spider Veloce 2000
Alfa Romeo,Stelvio
Alfa Romeo,Stelvio AWD
American Motors Corporation,Eagle
American Motors Corporation,Eagle 4DR Wagon
American Motors Corporation,Eagle 4WD
American Motors Corporation,Eagle SX/4 4WD
Aston Martin,DB AR1
Aston Martin,DB-7 GT Coupe
Aston Martin,DB-7 GT Volante
Aston Martin,DB-7 Vantage Coupe
Aston Martin,DB-7 Vantage Volante
Aston Martin,DB11 V12
Aston Martin,DB11 V8
Aston Martin,DB7 Coupe
Aston Martin,DB7 Volante
Aston Martin,DB9
Aston Martin,DB9 Coupe
Aston Martin,DB9 Coupe Manual
Aston Martin,DB9 Volante
Aston Martin,DB9 Volante Manual
Aston Martin,DBS
Aston Martin,DBS Coupe
Aston Martin,Lagonda
Aston Martin,Rapide
Aston Martin,Rapide S
Aston Martin,Saloon/Vantage/Volante
Aston Martin,Saloon/vantage/volante
Aston Martin,V12 Vanquish
Aston Martin,V12 Vanquish S
Aston Martin,V12 Vantage
Aston Martin,V12 Vantage S
Aston Martin,V8 Vantage
Aston Martin,V8 Vantage ASM
Aston Martin,V8 Vantage S
Aston Martin,Vanquish
Aston Martin,Vanquish S
Aston Martin,Vanquish S Zagato
Aston Martin,Vantage GT
Aston Martin,Vantage V8
Aston Martin,Virage
Aston Martin,Virage Saloon
Aston Martin,Virage/Volante
Audi,100
Audi,100 Wagon
Audi,100 quattro
Audi,100 quattro Wagon
Audi,200
Audi,200 quattro
Audi,200 quattro 20v
Audi,200 quattro 20v Wagon
Audi,200 quattro Wagon
Audi,4000
Audi,4000 CS quattro
Audi,4000 S
Audi,4000 S quattro
Audi,4000s
Audi,4000s quattro
Audi,5000 CS Turbo
Audi,5000 CS quattro
Audi,5000 CS quattro Wagon
Audi,5000 S
Audi,5000 S quattro
Audi,5000S
Audi,5000S Wagon
Audi,80
Audi,80 quattro
Audi,80/90
Audi,80/90 quattro
Audi,90
Audi,90 quattro
Audi,90 quattro 20v
Audi,A3
Audi,A3 Cabriolet
Audi,A3 Cabriolet quattro
Audi,A3 e-tron
Audi,A3 e-tron ultra
Audi,A3 quattro
Audi,A4
Audi,A4 Avant
Audi,A4 Avant quattro
Audi,A4 Cabriolet
Audi,A4 Cabriolet quattro
Audi,A4 Ultra
Audi,A4 allroad quattro
Audi,A4 quattro
Audi,A5 Cabriolet
Audi,A5 Cabriolet quattro
Audi,A5 Sportback quattro
Audi,A5 quattro
Audi,A6
Audi,A6 Avant quattro
Audi,A6 Wagon
Audi,A6 Wagon quattro
Audi,A6 quattro
Audi,A6 quattro Wagon
Audi,A7 quattro
Audi,A8
Audi,A8 L
Audi,A8 quattro
Audi,Allroad
Audi,Allroad quattro
Audi,Cabriolet
Audi,Coupe GT
Audi,Coupe quattro
Audi,Q3
Audi,Q3 quattro
Audi,Q5
Audi,Q5 Hybrid
Audi,Q7
Audi,Q8
Audi,Quattro
Audi,R8
Audi,R8 AWD
Audi,R8 RWD
Audi,R8 Spyder
Audi,R8 Spyder AWD
Audi,R8 Spyder RWD
Audi,RS 3
Audi,RS 5
Audi,RS 5 Cabriolet
Audi,RS 5 Sportback
Audi,RS 7
Audi,RS4
Audi,RS4 Cabriolet
Audi,RS6
Audi,S3
Audi,S4
Audi,S4 Avant
Audi,S4 Cabriolet
Audi,S5
Audi,S5 Cabriolet
Audi,S5 Sportback
Audi,S6
Audi,S6 Avant
Audi,S6 Wagon
Audi,S7
Audi,S8
Audi,S8 quattro
Audi,SQ5
Audi,TT Coupe
Audi,TT Coupe quattro
Audi,TT RS
Audi,TT RS Coupe
Audi,TT Roadster
Audi,TT Roadster quattro
Audi,TTS Coupe
Audi,V8
Audi,allroad quattro
Audi,e-tron
Aurora Cars Ltd,Aurora
Autokraft Limited,A.C.MARK IV
Autokraft Limited,A.C.Mkiv
Avanti Motor Corporation,Avanti II
Azure Dynamics,Transit Connect Electric Van
Azure Dynamics,Transit Connect Electric Wagon
BMW,128ci Convertible
BMW,128i
BMW,128i Convertible
BMW,135i
BMW,135i Convertible
BMW,228i
BMW,228i Convertible
BMW,228i xDrive
BMW,228i xDrive Convertible
BMW,230i Convertible
BMW,230i Coupe
BMW,230i xDrive Convertible
BMW,230i xDrive Coupe
BMW,3 Series
BMW,318i
BMW,318i Convertible
BMW,318i/318iS
BMW,318i/318is
BMW,318is
BMW,318is Convertible
BMW,318ti
BMW,320i
BMW,320i xDrive
BMW,323ci
BMW,323i
BMW,323i Convertible
BMW,323i Touring
BMW,323is
BMW,325ci
BMW,325ci Convertible
BMW,325i
BMW,325i Convertible
BMW,325i Sport Wagon
BMW,325i/325iS
BMW,325i/325is
BMW,325ic
BMW,325is
BMW,325ix
BMW,325xi
BMW,325xi Sport Wagon
BMW,328ci
BMW,328ci Convertible
BMW,328ci xDrive
BMW,328cxi
BMW,328d
BMW,328d xDrive
BMW,328d xDrive Sports Wagon
BMW,328i
BMW,328i Convertible
BMW,328i Coupe
BMW,328i Coupe xDrive
BMW,328i Sport Wagon
BMW,328i Sport Wagon xDrive
BMW,328i Sports Wagon
BMW,328i xDrive
BMW,328i xDrive Gran Turismo
BMW,328i xDrive Sport Wagon
BMW,328i xDrive Sports Wagon
BMW,328i/328is
BMW,328ic
BMW,328is
BMW,328xi
BMW,328xi Sport Wagon
BMW,330ci
BMW,330ci Convertible
BMW,330e
BMW,330i
BMW,330i xDrive
BMW,330i xDrive Gran Turismo
BMW,330i xDrive Sports Wagon
BMW,330xi
BMW,335ci
BMW,335ci Convertible
BMW,335ci xDrive
BMW,335cxi
BMW,335d
BMW,335i
BMW,335i Convertible
BMW,335i Coupe
BMW,335i Coupe xDrive
BMW,335i xDrive
BMW,335i xDrive Gran Turismo
BMW,335is Convertible
BMW,335is Coupe
BMW,335xi
BMW,340i
BMW,340i xDrive
BMW,340i xDrive Gran Turismo
BMW,428i Convertible
BMW,428i Coupe
BMW,428i Gran Coupe
BMW,428i xDrive Convertible
BMW,428i xDrive Coupe
BMW,428i xDrive Gran Coupe
BMW,430i Convertible
BMW,430i Coupe
BMW,430i Gran Coupe
BMW,430i xDrive Convertible
BMW,430i xDrive Coupe
BMW,430i xDrive Gran Coupe
BMW,435i Convertible
BMW,435i Coupe
BMW,435i Gran Coupe
BMW,435i xDrive Convertible
BMW,435i xDrive Coupe
BMW,435i xDrive Gran Coupe
BMW,440i Convertible
BMW,440i Coupe
BMW,440i Gran Coupe
BMW,440i xDrive Convertible
BMW,440i xDrive Coupe
BMW,440i xDrive Gran Coupe
BMW,5 Series
BMW,525i
BMW,525i Sport Wagon
BMW,525i Touring
BMW,525xi
BMW,528i
BMW,528i Sport Wagon
BMW,528i Touring
BMW,528i xDrive
BMW,528xi
BMW,530e
BMW,530e xDrive
BMW,530i
BMW,530i Touring
BMW,530i xDrive
BMW,530xi
BMW,530xi Sport Wagon
BMW,535d
BMW,535d xDrive
BMW,535i
BMW,535i Gran Turismo
BMW,535i Sport Wagon xDrive
BMW,535i xDrive
BMW,535i xDrive Gran Turismo
BMW,535xi
BMW,535xi Sport Wagon
BMW,540d xDrive
BMW,540i
BMW,540i Sport Wagon
BMW,540i Touring
BMW,540i xDrive
BMW,545i
BMW,550 GT
BMW,550i
BMW,550i Gran Turismo
BMW,550i xDrive
BMW,550i xDrive GT
BMW,550i xDrive Gran Turismo
BMW,6 Series
BMW,635csi
BMW,640i Convertible
BMW,640i Coupe
BMW,640i Gran Coupe
BMW,640i xDrive Convertible
BMW,640i xDrive Coupe
BMW,640i xDrive Gran Coupe
BMW,640i xDrive Gran Turismo
BMW,645ci
BMW,645ci Convertible
BMW,650ci
BMW,650ci Convertible
BMW,650i Convertible
BMW,650i Convertible xDrive
BMW,650i Coupe
BMW,650i Coupe xDrive
BMW,650i Gran Coupe
BMW,650i xDrive Convertible
BMW,650i xDrive Coupe
BMW,650i xDrive Gran Coupe
BMW,7 Series
BMW,735i
BMW,735i Luxury
BMW,735il
BMW,740Ld xDrive
BMW,740Li
BMW,740Li xDrive
BMW,740e xDrive
BMW,740i
BMW,740i xDrive
BMW,740i/740i Sport
BMW,740il
BMW,740il/740il Protection
BMW,745e xDrive
BMW,745i
BMW,745li
BMW,750 Series
BMW,750Li
BMW,750Li xDrive
BMW,750i
BMW,750i xDrive
BMW,750il
BMW,750il/750il Protection
BMW,750li
BMW,760Li
BMW,760i
BMW,760li
BMW,840ci
BMW,840i Convertible
BMW,840i Coupe
BMW,840i Gran Coupe
BMW,840i xDrive Convertible
BMW,840i xDrive Coupe
BMW,840i xDrive Gran Coupe
BMW,850ci
BMW,850csi
BMW,850i
BMW,Active E
BMW,ActiveHybrid 3
BMW,ActiveHybrid 5
BMW,ActiveHybrid 7
BMW,ActiveHybrid 7L
BMW,ActiveHybrid 7Li
BMW,ActiveHybrid 7i
BMW,ActiveHybrid X6
BMW,Alpina B6 Gran Coupe xDrive
BMW,Alpina B6 xDrive Gran Coupe
BMW,Alpina B7
BMW,Alpina B7 LWB
BMW,Alpina B7 LWB xDrive
BMW,Alpina B7 SWB
BMW,Alpina B7 SWB xDrive
BMW,Alpina B7 xDrive
BMW,I8 Coupe
BMW,I8 Roadster
BMW,M Coupe
BMW,M Roadster
BMW,M1 Coupe
BMW,M2
BMW,M2 Competition
BMW,M2 Competition Coupe
BMW,M235i
BMW,M235i Convertible
BMW,M235i xDrive
BMW,M235i xDrive Convertible
BMW,M240i Convertible
BMW,M240i Coupe
BMW,M240i Coupe M Performance
BMW,M240i xDrive Convertible
BMW,M240i xDrive Coupe
BMW,M240i xDrive Coupe M Performance
BMW,M3
BMW,M3 CS
BMW,M3 Convertible
BMW,M3 Coupe
BMW,M3 Sedan
BMW,M340i
BMW,M340i xDrive
BMW,M4 CS
BMW,M4 Convertible
BMW,M4 Convertible Competition
BMW,M4 Coupe
BMW,M4 Coupe Competition
BMW,M4 DTM Champions Edition
BMW,M4 GTS
BMW,M5
BMW,M5 Competition
BMW,M550i xDrive
BMW,M6
BMW,M6 Convertible
BMW,M6 Coupe
BMW,M6 Gran Coupe
BMW,M760i xDrive
BMW,M8 Competition Convertible
BMW,M8 Competition Coupe
BMW,M8 Convertible
BMW,M8 Coupe
BMW,M8 Gran Coupe
BMW,M850i xDrive Convertible
BMW,M850i xDrive Coupe
BMW,M850i xDrive Gran Coupe
BMW,X1 sDrive28i
BMW,X1 xDrive28i
BMW,X1 xDrive35i
BMW,X2 M35i
BMW,X2 sDrive28i
BMW,X2 xDrive28i
BMW,X3
BMW,X3 3.0i
BMW,X3 3.0si
BMW,X3 M
BMW,X3 M Competition
BMW,X3 M40i
BMW,X3 sDrive 28i
BMW,X3 sDrive28i
BMW,X3 sDrive30i
BMW,X3 xDrive28d
BMW,X3 xDrive28i
BMW,X3 xDrive30i
BMW,X3 xDrive35i
BMW,X4 M
BMW,X4 M Competition
BMW,X4 M40i
BMW,X4 xDrive28i
BMW,X4 xDrive30i
BMW,X4 xDrive35i
BMW,X5
BMW,X5 3.0si
BMW,X5 4.6is
BMW,X5 4.8IS
BMW,X5 4.8i
BMW,X5 4.8is
BMW,X5 M
BMW,X5 M50i
BMW,X5 sDrive35i
BMW,X5 sDrive40i
BMW,X5 xDrive 35d
BMW,X5 xDrive30i
BMW,X5 xDrive35d
BMW,X5 xDrive35i
BMW,X5 xDrive40e
BMW,X5 xDrive40i
BMW,X5 xDrive48i
BMW,X5 xDrive50i
BMW,X5 xDriveM
BMW,X6 M
BMW,X6 M50i
BMW,X6 sDrive35i
BMW,X6 sDrive40i
BMW,X6 xDrive35i
BMW,X6 xDrive40i
BMW,X6 xDrive50i
BMW,X6 xDriveM
BMW,X7 M50i
BMW,X7 xDrive40i
BMW,X7 xDrive50i
BMW,Z3 Coupe
BMW,Z3 Roadster
BMW,Z4 3.0i
BMW,Z4 3.0si
BMW,Z4 3.0si Coupe
BMW,Z4 Coupe
BMW,Z4 M Coupe
BMW,Z4 M Roadster
BMW,Z4 M40i
BMW,Z4 Roadster
BMW,Z4 sDrive28i
BMW,Z4 sDrive30i
BMW,Z4 sDrive35i
BMW,Z4 sDrive35is
BMW,Z8
BMW,i3
BMW,i3 (94Ah)
BMW,i3 (94Ah) with Range Extender
BMW,i3 BEV
BMW,i3 BEV (60 Amp-hour battery)
BMW,i3 BEV (94 Amp-hour battery)
BMW,i3 REX
BMW,i3 REX XWD (94 Amp-hour battery)
BMW,i3 with Range Extender
BMW,i3s
BMW,i3s (94Ah)
BMW,i3s (94Ah) with Range Extender
BMW,i3s with Range Extender
BMW,i8
BMW Alpina,B7
BMW Alpina,Roadster V8
BYD,e6
Bentley,Arnage
Bentley,Arnage LWB
Bentley,Arnage RL
Bentley,Azure
Bentley,Bentayga
Bentley,Brooklands
Bentley,Brooklands R
Bentley,Brooklands R Limo
Bentley,Continental Flying Spur
Bentley,Continental GT
Bentley,Continental GT Convertible
Bentley,Continental GT Speed Convertible
Bentley,Continental GT3-R
Bentley,Continental GTC
Bentley,Continental R
Bentley,Continental SC
Bentley,Continental Supersports
Bentley,Continental Supersports Convertible
Bentley,Continental T
Bentley,Flying Spur
Bentley,Mulsanne
Bentley,Mulsanne EWB
Bentley,Turbo RT
Bertone,X1/9
Bill Dovell Motor Car Company,Dovell 230CE
Bill Dovell Motor Car Company,Dovell 230E
Bitter Gmbh and Co. Kg,Bitter SC
Bitter Gmbh and Co. Kg,SC
Bugatti,Chiron
Bugatti,Veyron
Buick,Cascada
Buick,Century
Buick,Century Estate Wagon
Buick,Century Wagon
Buick,Coachbuilder Wagon
Buick,Electra Estate Wagon
Buick,Electra/Park Avenue
Buick,Enclave AWD
Buick,Enclave FWD
Buick,Encore
Buick,Encore AWD
Buick,Encore FWD
Buick,Envision AWD
Buick,Envision FWD
Buick,Estate Wagon
Buick,Funeral Coach/Hearse
Buick,LaCrosse
Buick,LaCrosse AWD
Buick,LaCrosse eAssist
Buick,Lacrosse/Allure
Buick,Lacrosse/Allure AWD
Buick,LeSabre
Buick,LeSabre/Electra Wagon
Buick,Lucerne
Buick,Park Avenue
Buick,Rainier 2WD
Buick,Rainier AWD
Buick,Reatta
Buick,Regal
Buick,Regal AWD
Buick,Regal TourX AWD
Buick,Regal eAssist
Buick,Regal/Century
Buick,Rendezvous AWD
Buick,Rendezvous FWD
Buick,Riviera
Buick,Riviera Convertible
Buick,Roadmaster
Buick,Roadmaster Wagon
Buick,Skyhawk
Buick,Skyhawk Wagon
Buick,Skylark
Buick,Somerset Regal
Buick,Somerset/Skylark
Buick,Terraza AWD
Buick,Terraza FWD
Buick,Verano
CCC Engineering,Duntov GT
CODA Automotive,CODA
CX Automotive,CX 25 GTI
CX Automotive,CX 25 Prestige
CX Automotive,CX 25Tri
CX Automotive,Cxestate
CX Automotive,XM v6
CX Automotive,XM v6 Break
CX Automotive,XM v6a
Cadillac,ATS
Cadillac,ATS AWD
Cadillac,ATS-V
Cadillac,Allante
Cadillac,Armored DTS
Cadillac,Armored Deville
Cadillac,Brougham
Cadillac,Brougham/DeVille (RWD)
Cadillac,CT6
Cadillac,CT6 AWD
Cadillac,CT6 Plug-In
Cadillac,CTS
Cadillac,CTS AWD
Cadillac,CTS Sedan
Cadillac,CTS Sedan AWD
Cadillac,CTS V
Cadillac,CTS Wagon
Cadillac,CTS Wagon AWD
Cadillac,CTS-V
Cadillac,Catera
Cadillac,Cimarron
Cadillac,Commercial Chassis
Cadillac,DTS
Cadillac,DeVille
Cadillac,DeVille/60 Special
Cadillac,DeVille/Concourse
Cadillac,ELR
Cadillac,ELR Sport
Cadillac,Eldorado
Cadillac,Eldorado Convertible
Cadillac,Escalade 2WD
Cadillac,Escalade 4WD
Cadillac,Escalade AWD
Cadillac,Escalade ESV 2WD
Cadillac,Escalade ESV 4WD
Cadillac,Escalade ESV AWD
Cadillac,Escalade Ext AWD
Cadillac,Escalade Hybrid 2WD
Cadillac,Escalade Hybrid 4WD
Cadillac,Fleetwood
Cadillac,Fleetwood Brougham
Cadillac,Fleetwood Brougham (RWD)
Cadillac,Fleetwood/DeVille
Cadillac,Fleetwood/DeVille (FWD)
Cadillac,Funeral Coach / Hearse
Cadillac,Funeral Coach/Hearse
Cadillac,Limousine
Cadillac,SRX
Cadillac,SRX 2WD
Cadillac,SRX AWD
Cadillac,STS
Cadillac,STS 2WD
Cadillac,STS AWD
Cadillac,STS-V
Cadillac,Seville
Cadillac,XLR
Cadillac,XLR-V
Cadillac,XT4 AWD
Cadillac,XT4 FWD
Cadillac,XT5
Cadillac,XT5 AWD
Cadillac,XT5 FWD
Cadillac,XT6 AWD
Cadillac,XT6 FWD
Cadillac,XTS
Cadillac,XTS AWD
Cadillac,XTS Hearse
Cadillac,XTS Limo
Chevrolet,Astro 2WD (cargo)
Chevrolet,Astro 2WD (cargo) Conversion
Chevrolet,Astro 2WD (passenger)
Chevrolet,Astro AWD (cargo)
Chevrolet,Astro AWD (cargo) Conversion
Chevrolet,Astro AWD (passenger)
Chevrolet,Avalanche 1500 2WD
Chevrolet,Avalanche 1500 4WD
Chevrolet,Avalanche 1500 AWD
Chevrolet,Aveo
Chevrolet,Aveo 5
Chevrolet,Beretta
Chevrolet,Blazer 1500 4WD
Chevrolet,Blazer 2WD
Chevrolet,Blazer 4WD
Chevrolet,Blazer AWD
Chevrolet,Blazer FWD
Chevrolet,Blazer V1500 4WD
Chevrolet,Bolt EV
Chevrolet,C10 Pickup 2WD
Chevrolet,C1500 Pickup 2WD
Chevrolet,C20 Pickup 2WD
Chevrolet,C2500 Pickup 2WD
Chevrolet,Camaro
Chevrolet,Caprice
Chevrolet,Caprice Wagon
Chevrolet,Caprice/Impala
Chevrolet,Caprice/Impala Wagon
Chevrolet,Captiva AWD
Chevrolet,Captiva FWD
Chevrolet,Cavalier
Chevrolet,Cavalier (Bi-fuel CNG)
Chevrolet,Cavalier Convertible
Chevrolet,Cavalier Dual-fuel
Chevrolet,Cavalier Wagon
Chevrolet,Celebrity
Chevrolet,Celebrity Wagon
Chevrolet,Chevette
Chevrolet,Chevette CS
Chevrolet,Citation II
Chevrolet,City Express Cargo Van
Chevrolet,Classic
Chevrolet,Coachbuilder Wagon
Chevrolet,Cobalt
Chevrolet,Cobalt Coupe
Chevrolet,Cobalt SS Coupe
Chevrolet,Cobalt Sedan
Chevrolet,Cobalt XFE
Chevrolet,Cobalt XFE Coupe
Chevrolet,Cobalt XFE Sedan
Chevrolet,Colorado 2WD
Chevrolet,Colorado 4WD
Chevrolet,Colorado Cab Chassis 2WD
Chevrolet,Colorado Cab Chassis inc 2WD
Chevrolet,Colorado Cab Chassis inc 4WD
Chevrolet,Colorado Crew Cab 2WD
Chevrolet,Colorado Crew Cab 4WD
Chevrolet,Colorado ZR2 4WD
Chevrolet,Corsica
Chevrolet,Corvette
Chevrolet,Corvette Convertible
Chevrolet,Corvette Z06
Chevrolet,Corvette ZR1
Chevrolet,Cruze
Chevrolet,Cruze Eco
Chevrolet,Cruze Hatchback
Chevrolet,Cruze Limited
Chevrolet,Cruze Limited Eco
Chevrolet,Cruze Premier
Chevrolet,Cruze Premier Hatchback
Chevrolet,El Camino Pickup 2WD
Chevrolet,Epica
Chevrolet,Equinox AWD
Chevrolet,Equinox FWD
Chevrolet,Express 1500 2WD Cargo
Chevrolet,Express 1500 2WD Conversion Cargo
Chevrolet,Express 1500 2WD Passenger
Chevrolet,Express 1500 AWD
Chevrolet,Express 1500 AWD Cargo
Chevrolet,Express 1500 AWD Conversion Cargo
Chevrolet,Express 1500 AWD Passenger
Chevrolet,Express 1500/2500 2WD
Chevrolet,Express 2500 2WD Cargo
Chevrolet,Express 2500 2WD Conversion Cargo
Chevrolet,Express 2500 2WD Passenger
Chevrolet,Express 3500 2WD Cargo
Chevrolet,Express 3500 2WD Passenger
Chevrolet,Express Cargo (Bi-fuel)
Chevrolet,Express Cargo (dedicated CNG)
Chevrolet,Express Passenger (Bi-fuel)
Chevrolet,Express Passenger (dedicated CNG)
Chevrolet,G10/20 Sport Van 2WD
Chevrolet,G10/20 Van 2WD
Chevrolet,G10/20 Van 2WD (cargo)
Chevrolet,G30 Sport Van 2WD
Chevrolet,G30 Van 2WD
Chevrolet,G30 Van 2WD (cargo)
Chevrolet,HHR FWD
Chevrolet,HHR Panel FWD
Chevrolet,Impala
Chevrolet,Impala Bi-Fuel (CNG)
Chevrolet,Impala Limited
Chevrolet,Impala Police
Chevrolet,Impala eAssist
Chevrolet,Impala/Caprice
Chevrolet,K10 Blazer 4WD
Chevrolet,K10 Pickup 4WD
Chevrolet,K1500 Pickup 4WD
Chevrolet,K20 Pickup 4WD
Chevrolet,K2500 Pickup 4WD
Chevrolet,K5/K10 Blazer 4WD
Chevrolet,Lumina
Chevrolet,Lumina Minivan 2WD
Chevrolet,Lumina/APV Minivan 2WD
Chevrolet,Lumina/Monte Carlo
Chevrolet,Malibu
Chevrolet,Malibu Hybrid
Chevrolet,Malibu Limited
Chevrolet,Malibu Maxx
Chevrolet,Malibu eAssist
Chevrolet,Metro
Chevrolet,Monte Carlo
Chevrolet,Nova
Chevrolet,Optra
Chevrolet,Optra 5
Chevrolet,Optra Wagon
Chevrolet,Pickup 2500 2WD
Chevrolet,Pickup 2500 4WD
Chevrolet,Postal Cab Chassis 2WD
Chevrolet,Prizm
Chevrolet,R10 Pickup 2WD
Chevrolet,R10 Suburban 2WD
Chevrolet,R1500 Suburban 2WD
Chevrolet,R20 (C20) Pickup 2WD
Chevrolet,S10 Blazer 2WD
Chevrolet,S10 Blazer 4WD
Chevrolet,S10 Cab Chassis 2WD
Chevrolet,S10 Electric
Chevrolet,S10 Pickup 2WD
Chevrolet,S10 Pickup 2WD FFV
Chevrolet,S10 Pickup 4WD
Chevrolet,S10 Utility Body 2WD
Chevrolet,SS
Chevrolet,SSR Pickup 2WD
Chevrolet,Silverado 15 Hybrid 2WD
Chevrolet,Silverado 15 Hybrid 4WD
Chevrolet,Silverado 1500 2WD
Chevrolet,Silverado 1500 4WD
Chevrolet,Silverado 1500 AWD
Chevrolet,Silverado 2500 2WD
Chevrolet,Silverado 2500 2WD (Bifuel)
Chevrolet,Silverado 2500 HD 2WD
Chevrolet,Silverado 2500 HD 2WD CNG
Chevrolet,Silverado 2500 HD 4WD CNG
Chevrolet,Silverado 2WD
Chevrolet,Silverado 4WD
Chevrolet,Silverado 4WD TrailBoss
Chevrolet,Silverado C10 2WD
Chevrolet,Silverado C10 Cab Chassis 2WD
Chevrolet,Silverado C10 XFE 2WD
Chevrolet,Silverado C15 2WD
Chevrolet,Silverado C15 Cab Chassis 2WD
Chevrolet,Silverado C15 XFE 2WD
Chevrolet,Silverado Cab Chassis 2WD
Chevrolet,Silverado Cab Chassis 4WD
Chevrolet,Silverado Classic 15 Hybrid 2WD
Chevrolet,Silverado Classic 15 Hybrid 4WD
Chevrolet,Silverado Classic 1500 2WD
Chevrolet,Silverado Classic 1500 4WD
Chevrolet,Silverado K10 4WD
Chevrolet,Silverado K10 4WD TrailBoss
Chevrolet,Silverado K10 Cab Chassis 4WD
Chevrolet,Silverado K15 4WD
Chevrolet,Silverado K15 Cab Chassis 4WD
Chevrolet,Silverado LD C15 2WD
Chevrolet,Silverado LD K15 4WD
Chevrolet,Silverado SS 1500 AWD
Chevrolet,Sonic
Chevrolet,Sonic 5
Chevrolet,Sonic 5 RS
Chevrolet,Sonic RS
Chevrolet,Spark
Chevrolet,Spark ACTIV
Chevrolet,Spark EV
Chevrolet,Spectrum
Chevrolet,Spectrum Turbo
Chevrolet,Sport Van G10/20 2WD
Chevrolet,Sport Van G10/20 2WD (passenger)
Chevrolet,Sport Van G30 XWD
Chevrolet,Sport Van G30 2WD
Chevrolet,Sport Van G30 2WD (cargo)
Chevrolet,Sprint
Chevrolet,Sprint ER
Chevrolet,Sprint Metro
Chevrolet,Sprint Plus
Chevrolet,Suburban 1500 2WD
Chevrolet,Suburban 1500 4WD
Chevrolet,Suburban 1500 AWD
Chevrolet,Suburban 2500 2WD
Chevrolet,Suburban 2500 4WD
Chevrolet,Suburban C10 2WD
Chevrolet,Suburban C1500 2WD
Chevrolet,Suburban K10 4WD
Chevrolet,Suburban K1500 4WD
Chevrolet,Suburban V1500 4WD
Chevrolet,T10 (S10) Blazer 4WD
Chevrolet,T10 (S10) Pickup 4WD
Chevrolet,Tahoe 1500 2WD
Chevrolet,Tahoe 1500 4WD
Chevrolet,Tahoe 1500 AWD
Chevrolet,Tahoe 1500 XFE 2WD
Chevrolet,Tahoe C10 2WD
Chevrolet,Tahoe C1500 2WD
Chevrolet,Tahoe Hybrid 2WD
Chevrolet,Tahoe Hybrid 4WD
Chevrolet,Tahoe K10 4WD
Chevrolet,Tahoe K1500 4WD
Chevrolet,Tracker 2WD Convertible
Chevrolet,Tracker 2WD Hardtop
Chevrolet,Tracker 4WD Convertible
Chevrolet,Tracker 4WD Hardtop
Chevrolet,Tracker LT 2WD
Chevrolet,Tracker LT 4WD
Chevrolet,Tracker ZR2 4WD
Chevrolet,Tracker ZR2 4WD Convertible
Chevrolet,TrailBlazer 2WD
Chevrolet,TrailBlazer 4WD
Chevrolet,TrailBlazer AWD
Chevrolet,TrailBlazer Ext 2WD
Chevrolet,TrailBlazer Ext 4WD
Chevrolet,Traverse AWD
Chevrolet,Traverse FWD
Chevrolet,Trax
Chevrolet,Trax AWD
Chevrolet,Trax FWD
Chevrolet,Turbo Sprint
Chevrolet,Twin-Turbo Corvette
Chevrolet,Uplander AWD
Chevrolet,Uplander FWD
Chevrolet,V10 (K10) Blazer 4WD
Chevrolet,V10 (K10) Pickup 4WD
Chevrolet,V10 (K10) Suburban 4WD
Chevrolet,V10 Blazer 4WD
Chevrolet,V10 Suburban 4WD
Chevrolet,V20 Pickup 4WD
Chevrolet,Van 15/25 XWD Conversion
Chevrolet,Van 15/25 2WD Conversion
Chevrolet,Van 1500 2WD Cargo
Chevrolet,Van 1500 2WD Conversion Cargo
Chevrolet,Van 1500 AWD Cargo
Chevrolet,Van 1500 AWD Conversion
Chevrolet,Van 1500 AWD Conversion Cargo
Chevrolet,Van 1500/2500 2WD
Chevrolet,Van 1500/2500 AWD
Chevrolet,Venture 2WD
Chevrolet,Venture AWD
Chevrolet,Venture FWD
Chevrolet,Volt
Chrysler,200
Chrysler,200 AWD
Chrysler,200 Convertible
Chrysler,300
Chrysler,300 AWD
Chrysler,300 M
Chrysler,300 SRT8
Chrysler,300/SRT-8
Chrysler,300C AWD
Chrysler,300C/SRT-8
Chrysler,Aspen 2WD
Chrysler,Aspen 4WD
Chrysler,Aspen HEV
Chrysler,Cirrus
Chrysler,Concorde
Chrysler,Concorde/LHS
Chrysler,Conquest
Chrysler,Crossfire
Chrysler,Crossfire Coupe
Chrysler,Crossfire Roadster
Chrysler,E Class/New Yorker
Chrysler,Executive Sedan/Limousine
Chrysler,Fifth Avenue/Imperial
Chrysler,Imperial/New Yorker Fifth Avenue
Chrysler,JX/JXI/Limited Convertible
Chrysler,LHS
Chrysler,Laser
Chrysler,Laser/Daytona
Chrysler,LeBaron
Chrysler,LeBaron Convertible
Chrysler,LeBaron GTS
Chrysler,LeBaron Landau
Chrysler,Limousine
Chrysler,New Yorker
Chrysler,New Yorker Fifth Avenue/Imperial
Chrysler,New Yorker Turbo
Chrysler,New Yorker/5th Avenue
Chrysler,New Yorker/LHS
Chrysler,Newport/Fifth Avenue
Chrysler,PT Cruiser
Chrysler,PT Cruiser Convertible
Chrysler,Pacifica
Chrysler,Pacifica 2WD
Chrysler,Pacifica AWD
Chrysler,Pacifica FWD
Chrysler,Pacifica Hybrid
Chrysler,Prowler
Chrysler,QC Car
Chrysler,Sebring
Chrysler,Sebring 4 Door
Chrysler,Sebring AWD
Chrysler,Sebring Convertible
Chrysler,TC By
Chrysler,TC By Convertible
Chrysler,TC by Maserati
Chrysler,Town and Country
Chrysler,Town and Country 2WD
Chrysler,Town and Country 4WD
Chrysler,Town and Country AWD
Chrysler,Town and Country Wagon
Chrysler,Town and Country/Voyager/Grand Voy. 2WD
Chrysler,Town and Country/Voyager/Grand Voy. AWD
Chrysler,Voyager
Chrysler,Voyager/Town and Country 2WD
Consulier Industries Inc,Consulier GTP
Dabryan Coach Builders Inc,WB
Dacia,Coupe
Dacia,Sedan
Dacia,Station Wagon
Daewoo,Kalos
Daewoo,Lacetti
Daewoo,Lanos
Daewoo,Leganza
Daewoo,Magnus
Daewoo,Nubira
Daewoo,Nubira Station Wagon
Daewoo,Nubira Wagon
Daihatsu,Charade
Daihatsu,Charade E
Daihatsu,Rocky 4WD
Dodge,600
Dodge,600 Convertible
Dodge,AD100/AD150 Ramcharger 2WD
Dodge,AW100/AW150 Ramcharger 4WD
Dodge,Aries
Dodge,Aries Wagon
Dodge,Avenger
Dodge,Avenger AWD
Dodge,B150/B250 Van 2WD
Dodge,B150/B250 Wagon 2WD
Dodge,B1500 Van 2WD
Dodge,B1500 Wagon 2WD
Dodge,B1500/B2500 Van 2WD
Dodge,B1500/B2500 Wagon 2WD
Dodge,B2500 Van 2WD
Dodge,B2500 Wagon 2WD
Dodge,B350 Van 2WD
Dodge,B350 Wagon 2WD
Dodge,B3500 Van 2WD
Dodge,B3500 Wagon 2WD
Dodge,CSX
Dodge,Caliber
Dodge,Caliber AWD
Dodge,Caravan C/V/Grand Caravan 2WD
Dodge,Caravan C/V/Grand Caravan 4WD
Dodge,Caravan/Grand Caravan 2WD
Dodge,Caravan/Grand Caravan 4WD
Dodge,Caravan/Grand Caravan AWD
Dodge,Caravan/Grand Caravan FWD
Dodge,Caravan/Grand Caravan/Ram Van 2WD
Dodge,Caravan/Ram Van 2WD
Dodge,Challenger
Dodge,Challenger GT
Dodge,Challenger SRT
Dodge,Challenger SRT8
Dodge,Charger
Dodge,Charger AWD
Dodge,Charger GLH-S
Dodge,Charger SRT
Dodge,Charger SRT8
Dodge,Colt
Dodge,Colt Vista
Dodge,Colt Vista 4WD
Dodge,Colt Wagon
Dodge,Colt Wagon 4WD
Dodge,Conquest
Dodge,D100/D150 Pickup 2WD
Dodge,D250 Cab Chassis 2WD
Dodge,D250 Pickup 2WD
Dodge,D250 Pickup Cab Chassis 2WD
Dodge,Dakota Cab Chassis 2WD
Dodge,Dakota Pickup 2WD
Dodge,Dakota Pickup 4WD
Dodge,Dart
Dodge,Dart Aero
Dodge,Dart GT
Dodge,Daytona
Dodge,Diplomat
Dodge,Durango 2WD
Dodge,Durango 4WD
Dodge,Durango AWD
Dodge,Durango HEV
Dodge,Durango RWD
Dodge,Durango SRT AWD
Dodge,Dynasty
Dodge,GLH-S
Dodge,Grand Caravan
Dodge,Intrepid
Dodge,Journey
Dodge,Journey 2WD
Dodge,Journey 4WD
Dodge,Journey XWD
Dodge,Journey AWD
Dodge,Journey FWD
Dodge,Lancer
Dodge,Lancer Convertible
Dodge,Magnum
Dodge,Magnum 2WD
Dodge,Magnum AWD
Dodge,Monaco
Dodge,Neon
Dodge,Neon/SRT-4/SX 2.0
Dodge,Nitro 2WD
Dodge,Nitro 4WD
Dodge,Omni
Dodge,Power Ram 50 4WD
Dodge,Power Ram 50 Pickup 4WD
Dodge,Power Ram50 4WD
Dodge,Raider
Dodge,Raider 4WD
Dodge,Ram 1500 Pickup 2WD
Dodge,Ram 1500 Pickup 4WD
Dodge,Ram 2500 Pickup 2WD
Dodge,Ram 2500 Pickup 4WD
Dodge,Ram 50 Pickup 2WD
Dodge,Ram Van 1500 2WD
Dodge,Ram Van 2500 2WD
Dodge,Ram Van 2500 2WD CNG
Dodge,Ram Wagon 1500 2WD
Dodge,Ram Wagon 2500 2WD
Dodge,Ram Wagon 2500 2WD CNG
Dodge,Ramcharger 2WD
Dodge,Ramcharger 4WD
Dodge,Rampage Pickup 2WD
Dodge,Shadow
Dodge,Shadow Convertible
Dodge,Spirit
Dodge,Stealth
Dodge,Stratus
Dodge,Stratus 4 Door
Dodge,Viper
Dodge,Viper Convertible
Dodge,Viper Coupe
Dodge,Viper SRT
Dodge,W100/W150 Pickup 4WD
Dodge,W250 Pickup 4WD
"E. P. Dutton, Inc.",Funeral Coach
Eagle,Medallion Sedan
Eagle,Medallion Wagon
Eagle,Premier
Eagle,Renault Medallion Sedan
Eagle,Renault Medallion Wagon
Eagle,Summit
Eagle,Summit Wagon
Eagle,Talon
Eagle,Vision
Eagle,Wagon 4WD
Environmental Rsch and Devp Corp,ERD 1
Evans Automobiles,Series 1
Evans Automobiles,Series I
Excalibur Autos,Phaeton
Federal Coach,24E
Federal Coach,85J
Federal Coach,Eagle
Federal Coach,Formal
Federal Coach,Heritage
Federal Coach,Lincoln 100J
Federal Coach,Lincoln 24E
Federal Coach,Lincoln 85J
Federal Coach,Lincoln Eagle/Windsor
Federal Coach,Lincoln Eaton
Federal Coach,Lincoln Stratford
Federal Coach,Renaissance
Federal Coach,Six Door
Federal Coach,Windsor
Ferrari,3.2 Mondial/Cabriolet
Ferrari,308
Ferrari,328 GTS/GTB
Ferrari,348 TB/TS
Ferrari,360 Modena/Modena F1
Ferrari,360 Modena/Spider
Ferrari,360 Modena/Spider/Challenge
Ferrari,456 MGT/MGA
Ferrari,458 Italia
Ferrari,458 Italia Coupe
Ferrari,458 Italia Spider
Ferrari,458 Speciale
Ferrari,458 Speciale Spider
Ferrari,458 Spider
Ferrari,488 GTB
Ferrari,488 Pista
Ferrari,488 Pista Spider
Ferrari,488 Spider
Ferrari,550 Maranello
Ferrari,550 Maranello/Barchetta
Ferrari,575
Ferrari,575 M Maranello
Ferrari,575 M Maranello and Superamerica
Ferrari,599 GTB
Ferrari,599 GTB Fiorano
Ferrari,599 GTO
Ferrari,599 SA Aperta
Ferrari,612 Scaglietti
Ferrari,812 Superfast
Ferrari,California
Ferrari,California T
Ferrari,Enzo Ferrari
Ferrari,F 40
Ferrari,F12
Ferrari,F12 Berlinetta
Ferrari,F12 tdf
Ferrari,F141
Ferrari,F355/355 F1
Ferrari,F40
Ferrari,F430
Ferrari,F60 America
Ferrari,F8 Tributo
Ferrari,FF
Ferrari,Ferrari 348 TB/TS
Ferrari,Ferrari 348 TB/TS/Spider
Ferrari,Ferrari 456
Ferrari,Ferrari 456 GT
Ferrari,Ferrari 456 GT/GTA
Ferrari,Ferrari 512 TR
Ferrari,Ferrari 550 Maranello
Ferrari,Ferrari F355
Ferrari,Ferrari F355 Berlinetta/GTS
Ferrari,Ferrari F355/355 F1
Ferrari,Ferrari F50
Ferrari,Ferrari F512M
Ferrari,Ferrari Mondial T/Cabriolet
Ferrari,GTC4Lusso
Ferrari,GTC4Lusso T
Ferrari,LaFerrari Aperta
Ferrari,LaFerrari Hybrid
Ferrari,Mondial
Ferrari,Mondial T/Cabriolet
Ferrari,Mondial/Cabriolet
Ferrari,Portofino
Ferrari,Testarossa
Fiat,124 Spider
Fiat,500
Fiat,500 Abarth
Fiat,500 Cabrio
Fiat,500 L
Fiat,500 X
Fiat,500 X AWD
Fiat,500X AWD
Fiat,500e
Fisker,Karma
Ford,Aerostar Van
Ford,Aerostar Van AWD
Ford,Aerostar Wagon
Ford,Aerostar Wagon AWD
Ford,Aspire
Ford,Bronco 4WD
Ford,Bronco II 2WD
Ford,Bronco II 4WD
Ford,C-MAX Energi Plug-In Hybrid
Ford,C-MAX Energi Plug-in Hybrid
Ford,C-MAX Hybrid FWD
Ford,Contour
Ford,Courier
Ford,Courier Pickup 2WD
Ford,Courier Pickup 4WD
Ford,Crown Victoria
Ford,Crown Victoria CNG
Ford,Crown Victoria FFV
Ford,Crown Victoria Police
Ford,E150 Club Wagon
Ford,E150 Club Wagon 2WD
Ford,E150 Econoline 2WD
Ford,E150 Van FFV
Ford,E150 Wagon FFV
Ford,E250 CNG
Ford,E250 Econoline 2WD
Ford,E250 Econoline 2WD CNG
Ford,E250 Van FFV
Ford,E350 Van
Ford,E350 Van FFV
Ford,E350 Wagon
Ford,E350 Wagon FFV
Ford,EXP
Ford,EcoSport AWD
Ford,EcoSport FWD
Ford,Edge AWD
Ford,Edge FWD
Ford,Escape 2WD
Ford,Escape 4WD
Ford,Escape 4WD FFV
Ford,Escape AWD
Ford,Escape AWD FFV
Ford,Escape FWD
Ford,Escape FWD FFV
Ford,Escape Hybrid 2WD
Ford,Escape Hybrid 4WD
Ford,Escape Hybrid AWD
Ford,Escape Hybrid FWD
Ford,Escort
Ford,Escort FS
Ford,Escort Wagon
Ford,Escort ZX2
Ford,Expedition 2WD
Ford,Expedition 2WD FFV
Ford,Expedition 4WD
Ford,Expedition 4WD FFV
Ford,Expedition EL 2WD
Ford,Expedition EL 4WD
Ford,Expedition Limo. 2WD FFV
Ford,Expedition MAX 2WD
Ford,Expedition MAX 4WD
Ford,Explorer 2WD
Ford,Explorer 2WD FFV
Ford,Explorer 4WD
Ford,Explorer 4WD FFV
Ford,Explorer AWD
Ford,Explorer AWD FFV
Ford,Explorer FFV AWD
Ford,Explorer FWD
Ford,Explorer HEV AWD
Ford,Explorer HEV RWD
Ford,Explorer RWD
Ford,Explorer Sport 2WD
Ford,Explorer Sport 2WD FFV
Ford,Explorer Sport 4WD
Ford,Explorer Sport 4WD FFV
Ford,Explorer Sport Trac 2WD
Ford,Explorer Sport Trac 2WD FFV
Ford,Explorer Sport Trac 4WD
Ford,Explorer Sport Trac 4WD FFV
Ford,Explorer USPS 2WD
Ford,Explorer USPS 2WD FFV
Ford,Explorer USPS 4WD
Ford,Explorer USPS 4WD FFV
Ford,Explorer USPS Electric
Ford,F150 2.7L 2WD GVWR>6649 LBS
Ford,F150 2.7L 2WD GVWR>6649 LBS PAYLOAD PACKAGE
Ford,F150 2.7L 4WD GVWR>6799 LBS
Ford,F150 2.7L 4WD GVWR>6799 LBS PAYLOAD PACKAGE
Ford,F150 2WD BASE PAYLOAD LT TIRE
Ford,F150 2WD FFV BASE PAYLOAD LT
Ford,F150 2WD FFV BASE PAYLOAD LT TIRE
Ford,F150 3.5L 2WD GVWR>7599 LBS
Ford,F150 3.5L 2WD GVWR>7599 LBS PAYLOAD PACKAGE
Ford,F150 3.5L 4WD GVWR>7599 LBS
Ford,F150 3.5L 4WD GVWR>7599 LBS PAYLOAD PACKAGE
Ford,F150 4WD BASE PAYLOAD LT TIRE
Ford,F150 4WD FFV BASE PAYLOAD LT
Ford,F150 4WD FFV BASE PAYLOAD LT TIRE
Ford,F150 5.0L 2WD FFV GVWR>7599 LBS
Ford,F150 5.0L 2WD FFV GVWR>7599 LBS PAYLOAD PACKAGE
Ford,F150 5.0L 2WD GVWR>7599 LBS
Ford,F150 5.0L 4WD FFV GVWR>7599 LBS
Ford,F150 5.0L 4WD FFV GVWR>7599 LBS PAYLOAD PACKAGE
Ford,F150 5.0L 4WD GVWR>7599 LBS
Ford,F150 CNG
Ford,F150 Dual-fuel 2WD (CNG)
Ford,F150 Dual-fuel 2WD (LPG)
Ford,F150 Dual-fuel 4WD (CNG)
Ford,F150 Dual-fuel 4WD (LPG)
Ford,F150 Pickup 2WD
Ford,F150 Pickup 2WD CNG
Ford,F150 Pickup 2WD FFV
Ford,F150 Pickup 2WD Limited
Ford,F150 Pickup 4WD
Ford,F150 Pickup 4WD FFV
Ford,F150 Pickup 4WD Limited
Ford,F150 Pickup 4WD XL/XLT
Ford,F150 RAPTOR 4WD
Ford,F150 Raptor Pickup 4WD
Ford,F150 SFE 2WD
Ford,F150 STX SE 2WD
Ford,F150 STX SE 2WD FFV
Ford,F250
Ford,F250 Pickup 2WD
Ford,F250 Pickup 2WD CNG
Ford,F250 Pickup 4WD
Ford,F250 Pickup Cab Chassis 2WD
Ford,Festiva
Ford,Fiesta
Ford,Fiesta FWD
Ford,Fiesta SFE
Ford,Fiesta SFE FWD
Ford,Fiesta ST FWD
Ford,Five Hundred AWD
Ford,Five Hundred FWD
Ford,Flex AWD
Ford,Flex FWD
Ford,Focus
Ford,Focus Electric
Ford,Focus FWD
Ford,Focus FWD FFV
Ford,Focus RS AWD
Ford,Focus SFE FWD
Ford,Focus SFE FWD FFV
Ford,Focus ST FWD
Ford,Focus Station Wagon
Ford,Freestar Cargo Van FWD
Ford,Freestar Wagon FWD
Ford,Freestyle AWD
Ford,Freestyle FWD
Ford,Fusion
Ford,Fusion AWD
Ford,Fusion AWD FFV
Ford,Fusion Energi Plug-in Hybrid
Ford,Fusion FWD
Ford,Fusion FWD FFV
Ford,Fusion Hybrid FWD
Ford,Fusion Hybrid Taxi
Ford,Fusion S FWD
Ford,Fusion Special Service PHEV
Ford,Fusion Special Service Vehicle PHEV
Ford,GT
Ford,GT 2WD
Ford,LTD
Ford,LTD Crown Victoria
Ford,LTD Crown Victoria Wagon
Ford,LTD Crown Victoria/Country Squire Wagon
Ford,LTD Wagon
Ford,Laser
Ford,Lightning F150 2WD
Ford,Lightning Pickup 2WD
Ford,Mustang
Ford,Mustang Bullitt
Ford,Mustang Convertible
Ford,Mustang HO Convertible
Ford,Mustang HO Coupe
Ford,Mustang Performance Package
Ford,Postal Vehicle
Ford,Probe
Ford,Ranger 2WD
Ford,Ranger 2WD FFV
Ford,Ranger 2WD Incomplete
Ford,Ranger 4WD
Ford,Ranger 4WD FFV
Ford,Ranger Pickup 2WD
Ford,Ranger Pickup 4WD
Ford,Ranger Pickup Cab Chassis
Ford,Ranger Pickup Cab Chassis 2WD
Ford,Shelby GT350 Mustang
Ford,Shelby GT500 Mustang
Ford,Taurus
Ford,Taurus AWD
Ford,Taurus AWD FFV
Ford,Taurus FFV
Ford,Taurus FWD
Ford,Taurus FWD FFV
Ford,Taurus SHO
Ford,Taurus Wagon
Ford,Taurus Wagon 3.0 A/C
Ford,Taurus Wagon FFV
Ford,Taurus Wagon V6 A/C
Ford,Taurus X AWD
Ford,Taurus X FWD
Ford,Tempo
Ford,Tempo AWD
Ford,Tempo FS
Ford,Th!nk
Ford,Thunderbird
Ford,Transit Connect
Ford,Transit Connect USPS
Ford,Transit Connect Van
Ford,Transit Connect Van 2WD
Ford,Transit Connect Van FFV
Ford,Transit Connect Wagon FFV
Ford,Transit Connect Wagon FWD
Ford,Transit Connect Wagon LWB FFV
Ford,Transit Connect Wagon LWB FWD
Ford,Transit T150 Wagon
Ford,Transit T150 Wagon FFV
Ford,Windstar FWD Cargo Van
Ford,Windstar FWD Van
Ford,Windstar FWD Wagon
GMC,Acadia AWD
GMC,Acadia FWD
GMC,Acadia Limited AWD
GMC,Acadia Limited FWD
GMC,C15 Pickup 2WD
GMC,C15 Suburban 2WD
GMC,C25 Pickup 2WD
GMC,C2500 Sierra 2WD
GMC,Caballero Pickup 2WD
GMC,Canyon 2WD
GMC,Canyon 4WD
GMC,Canyon Cab Chassis 2WD
GMC,Canyon Cab Chassis Inc 2WD
GMC,Canyon Cab Chassis Inc 4WD
GMC,Canyon Crew Cab 2WD
GMC,Canyon Crew Cab 4WD
GMC,EV1
GMC,Envoy 2WD
GMC,Envoy 4WD
GMC,Envoy XL 2WD
GMC,Envoy XL 4WD
GMC,Envoy XUV 2WD
GMC,Envoy XUV 4WD
GMC,G15/25 Rally 2WD
GMC,G15/25 Vandura 2WD
GMC,G35 Rally 2WD
GMC,G35 Vandura 2WD
GMC,Jimmy 2WD
GMC,Jimmy 4WD
GMC,Jimmy AWD
GMC,Jimmy Sonoma 2WD
GMC,Jimmy Sonoma 4WD
GMC,Jimmy V1500 4WD
GMC,K15 Jimmy 4WD
GMC,K15 Pickup 4WD
GMC,K15 Suburban 4WD
GMC,K25 Pickup 4WD
GMC,K2500 Sierra 4WD
GMC,R15 Pickup 2WD
GMC,R15 Suburban 2WD
GMC,R1500 Suburban 2WD
GMC,R25 Pickup 2WD
GMC,Rally G15/25 2WD
GMC,Rally G15/25 2WD (passenger)
GMC,Rally G35 2WD
GMC,S15 Cab Chassis 2WD
GMC,S15 Jimmy 2WD
GMC,S15 Jimmy 4WD
GMC,S15 Pickup 2WD
GMC,S15 Pickup 4WD
GMC,S15 Utility Body 2WD
GMC,Safari 2WD (Passenger)
GMC,Safari 2WD (cargo)
GMC,Safari 2WD (passenger)
GMC,Safari 2WD Conversion (cargo)
GMC,Safari AWD (Passenger)
GMC,Safari AWD (cargo)
GMC,Safari AWD (passenger)
GMC,Safari AWD Conversion (cargo)
GMC,Savana (cargo) (Bi-fuel)
GMC,Savana 15/25 2WD Conversion (cargo)
GMC,Savana 15/25 AWD Conversion (cargo)
GMC,Savana 1500 2WD Conversion (cargo)
GMC,Savana 1500 AWD (cargo)
GMC,Savana 1500 AWD Conversion (cargo)
GMC,Savana 1500 2WD (Passenger)
GMC,Savana 1500 2WD (cargo)
GMC,Savana 1500 2WD Conversion (cargo)
GMC,Savana 1500 AWD (Passenger)
GMC,Savana 1500 AWD (cargo)
GMC,Savana 1500 AWD Conversion (cargo)
GMC,Savana 1500/2500 XWD (Passenger)
GMC,Savana 1500/2500 2WD (Passenger)
GMC,Savana 1500/2500 2WD (cargo)
GMC,Savana 1500/2500 2WD (passenger)
GMC,Savana 1500/2500 AWD (cargo)
GMC,Savana 2500 2WD (Passenger)
GMC,Savana 2500 2WD (cargo)
GMC,Savana 2500 2WD Conversion (cargo)
GMC,Savana 3500 2WD (Passenger)
GMC,Savana 3500 2WD (cargo)
GMC,Savana Cargo (dedicated CNG)
GMC,Savana Passenger (Bi-fuel)
GMC,Savana Passenger (dedicated CNG)
GMC,Sierra 15 Hybrid 2WD
GMC,Sierra 15 Hybrid 4WD
GMC,Sierra 1500 2WD
GMC,Sierra 1500 4WD
GMC,Sierra 1500 AWD
GMC,Sierra 2500 2WD
GMC,Sierra 2500 4WD
GMC,Sierra 2500 HD 2WD CNG
GMC,Sierra 2500 HD 4WD CNG
GMC,Sierra 2500 Hd 2WD
GMC,Sierra 2WD
GMC,Sierra 4WD
GMC,Sierra 4WD AT4
GMC,Sierra C10 2WD
GMC,Sierra C10 Cab Chassis 2WD
GMC,Sierra C10 XFE 2WD
GMC,Sierra C15 2WD
GMC,Sierra C15 Cab Chassis 2WD
GMC,Sierra C15 XFE 2WD
GMC,Sierra Cab Chassis 2WD
GMC,Sierra Cab Chassis 4WD
GMC,Sierra Classic 15 Hybrid 2WD
GMC,Sierra Classic 15 Hybrid 4WD
GMC,Sierra Classic 1500 2WD
GMC,Sierra Classic 1500 4WD
GMC,Sierra Classic 1500 AWD
GMC,Sierra Denali 1500 AWD
GMC,Sierra K10 4WD
GMC,Sierra K10 4WD AT4
GMC,Sierra K10 Cab Chassis 4WD
GMC,Sierra K15 4WD
GMC,Sierra K15 AWD
GMC,Sierra K15 Cab Chassis 4WD
GMC,Sierra LTD C15 2WD
GMC,Sierra LTD K15 4WD
GMC,Sonoma 2WD
GMC,Sonoma 2WD (FFV)
GMC,Sonoma 4WD
GMC,Suburban 1500 2WD
GMC,Suburban 1500 4WD
GMC,Suburban V1500 4WD
GMC,T15 (S15) Jimmy 4WD
GMC,T15 (S15) Pickup 4WD
GMC,Terrain AWD
GMC,Terrain FWD
GMC,V15 Jimmy 4WD
GMC,V15 Pickup 4WD
GMC,V15 Suburban 4WD
GMC,V25 Pickup 4WD
GMC,Vandura 2500 2WD
GMC,Vandura G15/25 2WD
GMC,Vandura G15/25 2WD (cargo)
GMC,Vandura G35 XWD
GMC,Vandura G35 2WD
GMC,Vandura G35 2WD (cargo)
GMC,Yukon 1500 2WD
GMC,Yukon 1500 4WD
GMC,Yukon 1500 AWD
GMC,Yukon 1500 Hybrid 2WD
GMC,Yukon 1500 Hybrid 4WD
GMC,Yukon 1500 XFE 2WD
GMC,Yukon C10 2WD
GMC,Yukon C1500 2WD
GMC,Yukon C1500 XL 2WD
GMC,Yukon Denali 1500 AWD
GMC,Yukon Denali 1500 Hybrid 4WD
GMC,Yukon Denali K10 AWD
GMC,Yukon Denali XL 1500 AWD
GMC,Yukon K10 4WD
GMC,Yukon K1500 4WD
GMC,Yukon K1500 XL 4WD
GMC,Yukon XL 1500 2WD
GMC,Yukon XL 1500 4WD
GMC,Yukon XL 1500 AWD
GMC,Yukon XL 2500 2WD
GMC,Yukon XL 2500 4WD
GMC,Yukon XL C10 2WD
GMC,Yukon XL K10 4WD
GMC,Yukon XL K10 AWD
General Motors,Coachbuilder Wagon
Genesis,G70 AWD
Genesis,G70 RWD
Genesis,G80 AWD
Genesis,G80 RWD
Genesis,G90 AWD
Genesis,G90 RWD
Geo,Metro
Geo,Metro LSI
Geo,Metro LSI Convertible
Geo,Metro XFI
Geo,Prizm
Geo,Spectrum
Geo,Storm
Geo,Tracker 4WD
Geo,Tracker Convertible 2WD
Geo,Tracker Convertible 4WD
Geo,Tracker Convertible 4x4
Geo,Tracker Hardtop 4WD
Geo,Tracker Van 2WD
Geo,Tracker Van 4WD
Geo,Tracker Van 4x4
Goldacre,Goldacre Limited
Grumman Allied Industries,LLV
Grumman Olson,Kubvan
Honda,Accord
Honda,Accord 2.0T Sport/Touring
Honda,Accord Coupe
Honda,Accord Crosstour 2WD
Honda,Accord Crosstour 4WD
Honda,Accord Hybrid
Honda,Accord Plug-in Hybrid
Honda,Accord Wagon
Honda,CR-V 2WD
Honda,CR-V 4WD
Honda,CR-V AWD
Honda,CR-V FWD
Honda,CR-Z
Honda,Civic
Honda,Civic 2Dr
Honda,Civic 4Dr
Honda,Civic 5Dr
Honda,Civic 5Dr - Type R
Honda,Civic 5Dr Sport
Honda,Civic CNG
Honda,Civic CRX
Honda,Civic CRX HF
Honda,Civic Del Sol
Honda,Civic HB VX
Honda,Civic HF
Honda,Civic HX
Honda,Civic Hybrid
Honda,Civic Natural Gas
Honda,Civic Si 2Dr
Honda,Civic Si 4Dr
Honda,Civic Wagon
Honda,Civic Wagon 4WD
Honda,Clarity EV
Honda,Clarity Plug-in Hybrid
Honda,Crosstour 2WD
Honda,Crosstour 4WD
Honda,Del Sol
Honda,EV Plus
Honda,Element 2WD
Honda,Element 4WD
Honda,Fit
Honda,Fit EV
Honda,HR-V 2WD
Honda,HR-V 4WD
Honda,HR-V AWD
Honda,HR-V FWD
Honda,Insight
Honda,Insight Touring
Honda,Odyssey
Honda,Passport 2WD
Honda,Passport 4WD
Honda,Passport AWD
Honda,Passport FWD
Honda,Pilot 2WD
Honda,Pilot 4WD
Honda,Pilot AWD
Honda,Pilot FWD
Honda,Prelude
Honda,Ridgeline AWD
Honda,Ridgeline FWD
Honda,Ridgeline Truck 4WD
Honda,S2000
Hummer,H3 4WD
Hummer,H3T 4WD
Hyundai,Accent
Hyundai,Accent (SOHC)
Hyundai,Accent (Sporty)
Hyundai,Accent Blue
Hyundai,Accent/Brio
Hyundai,Azera
Hyundai,Azera Limited
Hyundai,Elantra
Hyundai,Elantra Blue
Hyundai,Elantra Coupe
Hyundai,Elantra GT
Hyundai,Elantra Hatchback
Hyundai,Elantra Limited
Hyundai,Elantra SE
Hyundai,Elantra Touring
Hyundai,Elantra Wagon
Hyundai,Entourage
Hyundai,Equus
Hyundai,Excel
Hyundai,Genesis
Hyundai,Genesis AWD
Hyundai,Genesis Coupe
Hyundai,Genesis R Spec
Hyundai,Genesis R-Spec
Hyundai,Genesis RWD
Hyundai,Ioniq
Hyundai,Ioniq Blue
Hyundai,Ioniq Electric
Hyundai,Ioniq Plug-in Hybrid
Hyundai,J-Car/Elantra
Hyundai,Kona AWD
Hyundai,Kona Electric
Hyundai,Kona FWD
Hyundai,Palisade AWD
Hyundai,Palisade FWD
Hyundai,Pony Excel
Hyundai,Precis
Hyundai,Santa Fe 2WD
Hyundai,Santa Fe 4WD
Hyundai,Santa Fe AWD
Hyundai,Santa Fe FWD
Hyundai,Santa Fe Sport 2WD
Hyundai,Santa Fe Sport 4WD
Hyundai,Santa Fe Sport AWD
Hyundai,Santa Fe Sport FWD
Hyundai,Santa Fe Sport Ultimate AWD
Hyundai,Santa Fe Sport Ultimate FWD
Hyundai,Santa Fe Ultimate 2WD
Hyundai,Santa Fe Ultimate 4WD
Hyundai,Santa Fe Ultimate AWD
Hyundai,Santa Fe Ultimate FWD
Hyundai,Santa Fe XL AWD
Hyundai,Santa Fe XL FWD
Hyundai,Santa Fe XL Ultimate AWD
Hyundai,Santa Fe XL Ultimate FWD
Hyundai,Scoupe
Hyundai,Sonata
Hyundai,Sonata (Y-3)
Hyundai,Sonata Hybrid
Hyundai,Sonata Hybrid Limited
Hyundai,Sonata Hybrid SE
Hyundai,Sonata Limited
Hyundai,Sonata Plug-in Hybrid
Hyundai,Sonata SE
Hyundai,Sonata Sport Limited
Hyundai,Tiburon
Hyundai,Tiburon (Coupe)
Hyundai,Tucson 2WD
Hyundai,Tucson 4WD
Hyundai,Tucson AWD
Hyundai,Tucson Eco AWD
Hyundai,Tucson Eco FWD
Hyundai,Tucson FWD
Hyundai,Veloster
Hyundai,Veloster N
Hyundai,Venue
Hyundai,Veracruz 2WD
Hyundai,Veracruz 4WD
Hyundai,XG300
Hyundai,XG350
Import Foreign Auto Sales Inc,1fas 410
Import Trade Services,BMW 325I
Import Trade Services,BMW 325i
Import Trade Services,ITS 190E
Import Trade Services,ITS 190E 2.0
Import Trade Services,ITS 190E 2.3
Import Trade Services,ITS 200TE
Import Trade Services,ITS 230CE
Import Trade Services,ITS 230TE
Import Trade Services,ITS 320
Import Trade Services,ITS 520
Import Trade Services,MB 300E
Import Trade Services,MB 300SL
Infiniti,EX35
Infiniti,EX35 AWD
Infiniti,EX37
Infiniti,EX37 AWD
Infiniti,FX35 2WD
Infiniti,FX35 AWD
Infiniti,FX35 RWD
Infiniti,FX37 AWD
Infiniti,FX37 RWD
Infiniti,FX45 AWD
Infiniti,FX50
Infiniti,FX50 AWD
Infiniti,G20
Infiniti,G25
Infiniti,G25x
Infiniti,G35
Infiniti,G35 Coupe
Infiniti,G35x
Infiniti,G37
Infiniti,G37 Convertible
Infiniti,G37 Coupe
Infiniti,G37x
Infiniti,G37x Coupe
Infiniti,I30
Infiniti,I35
Infiniti,J30
Infiniti,JX35 AWD
Infiniti,JX35 FWD
Infiniti,M30
Infiniti,M35
Infiniti,M35h
Infiniti,M35x
Infiniti,M37
Infiniti,M37x
Infiniti,M45
Infiniti,M45x
Infiniti,M56
Infiniti,M56x
Infiniti,Q40
Infiniti,Q40 AWD
Infiniti,Q45
Infiniti,Q45 Full-Active Suspension
Infiniti,Q45 Sport
Infiniti,Q50
Infiniti,Q50 AWD
Infiniti,Q50 Hybrid
Infiniti,Q50 Hybrid AWD
Infiniti,Q50 Red Sport
Infiniti,Q50 Red Sport AWD
Infiniti,Q50S
Infiniti,Q50S AWD
Infiniti,Q50S Hybrid
Infiniti,Q50S Hybrid AWD
Infiniti,Q50S Red Sport
Infiniti,Q50S Red Sport AWD
Infiniti,Q50a
Infiniti,Q50a AWD
Infiniti,Q60
Infiniti,Q60 AWD
Infiniti,Q60 AWD Coupe
Infiniti,Q60 Convertible
Infiniti,Q60 Coupe
Infiniti,Q60 Red Sport
Infiniti,Q60 Red Sport AWD
Infiniti,Q60S Red Sport
Infiniti,Q60S Red Sport AWD
Infiniti,Q70
Infiniti,Q70 AWD
Infiniti,Q70 Hybrid
Infiniti,QX30
Infiniti,QX30 AWD
Infiniti,QX4 2WD
Infiniti,QX4 4WD
Infiniti,QX50
Infiniti,QX50 AWD
Infiniti,QX56 2WD
Infiniti,QX56 4WD
Infiniti,QX60 AWD
Infiniti,QX60 FWD
Infiniti,QX60 Hybrid AWD
Infiniti,QX60 Hybrid FWD
Infiniti,QX70 AWD
Infiniti,QX70 RWD
Infiniti,QX80 2WD
Infiniti,QX80 4WD
Infiniti,QX80 4WD (over 6000 lbs curb weight)
Isis Imports Ltd,Morgan Plus 8
Isuzu,750C/I-Mark
Isuzu,Amigo 2WD
Isuzu,Amigo 4WD
Isuzu,Ascender 2WD
Isuzu,Ascender 4WD
Isuzu,Ascender 5-passenger 2WD
Isuzu,Ascender 5-passenger 4WD
Isuzu,Ascender 7-passenger 2WD
Isuzu,Ascender 7-passenger 4WD
Isuzu,Axiom 2WD
Isuzu,Axiom 4WD
Isuzu,Hombre Pickup 2WD
Isuzu,Hombre Pickup 2WD (FFV)
Isuzu,Hombre Pickup 4WD
Isuzu,I-Mark
Isuzu,Impulse
Isuzu,Oasis
Isuzu,Pickup 2WD
Isuzu,Pickup 2WD 1-Ton
Isuzu,Pickup 4WD
Isuzu,Rodeo 2WD
Isuzu,Rodeo 4WD
Isuzu,Rodeo Sport 2WD
Isuzu,Rodeo Sport 4WD
Isuzu,Stylus
Isuzu,Trooper
Isuzu,Trooper 2WD
Isuzu,Trooper 4WD
Isuzu,Vehicross
Isuzu,Vehicross 4WD
Isuzu,i-280 Extended Cab 2WD
Isuzu,i-290 Extended Cab 2WD
Isuzu,i-350 Crew Cab 4WD
Isuzu,i-370 Crew Cab 2WD
Isuzu,i-370 Crew Cab 4WD
Isuzu,i-370 Extended Cab 2WD
J.K. Motors,190E 2.3 MERC BENZ
J.K. Motors,230E MERC BENZ
J.K. Motors,300CE MERC BENZ
J.K. Motors,300E MERC BENZ
J.K. Motors,300SL
J.K. Motors,300SL MERC BENZ
J.K. Motors,300TE MERC BENZ
J.K. Motors,BMW535I
J.K. Motors,BMW635CSI
J.K. Motors,BMW635L6
J.K. Motors,BMW735I
J.K. Motors,BMW735IL
J.K. Motors,MERC BENZ 300CE
J.K. Motors,MERC BENZ 300E
J.K. Motors,MERC BENZ 300SE
J.K. Motors,MERC BENZ 300SEL
J.K. Motors,MERC BENZ 300TE
J.K. Motors,MERC.BENZ 260E
J.K. Motors,MERC.BENZ.300SE
J.K. Motors,PORSCHE 928 S4
J.K. Motors,Testarossa
"JBA Motorcars, Inc.",W-126/4 Series
Jaguar,E-Pace
Jaguar,E-Pace (296 Hp)
Jaguar,E-Pace P250
Jaguar,E-Pace P300
Jaguar,F-Pace
Jaguar,F-Pace (296 Hp)
Jaguar,F-Pace 30t
Jaguar,F-Type AWD Convertible
Jaguar,F-Type AWD Coupe
Jaguar,F-Type Convertible
Jaguar,F-Type Coupe
Jaguar,F-Type R AWD Convertible
Jaguar,F-Type R AWD Coupe
Jaguar,F-Type R Convertible
Jaguar,F-Type R Coupe
Jaguar,F-Type S AWD Convertible
Jaguar,F-Type S AWD Coupe
Jaguar,F-Type S Convertible
Jaguar,F-Type S Coupe
Jaguar,F-Type SVR AWD Convertible
Jaguar,F-Type SVR AWD Convertible GEN2
Jaguar,F-Type SVR AWD Coupe
Jaguar,F-Type SVR AWD Coupe GEN2
Jaguar,F-Type V8 S Convertible
Jaguar,I-Pace
Jaguar,S-Type
Jaguar,S-Type 3.0 Litre
Jaguar,S-Type 4.2 Litre
Jaguar,S-Type R
Jaguar,S-type (X200) V6
Jaguar,S-type (X200) V8
Jaguar,Super V8
Jaguar,Vanden Plas
Jaguar,Vanden Plas S.C.
Jaguar,Vanden Plas S/C
Jaguar,Vdp
Jaguar,Vdp 4.2 Litre
Jaguar,Vdp Lwb
Jaguar,X-Type
Jaguar,X-Type Sport Brake
Jaguar,XE
Jaguar,XE (296 Hp)
Jaguar,XE 30t
Jaguar,XE AWD
Jaguar,XE AWD (296 Hp)
Jaguar,XE AWD 30t
Jaguar,XF
Jaguar,XF (296 Hp)
Jaguar,XF 30t
Jaguar,XF AWD
Jaguar,XF AWD (296 Hp)
Jaguar,XF AWD 30t
Jaguar,XF FFV
Jaguar,XF Sportbrake AWD
Jaguar,XF Supercharged
Jaguar,XJ
Jaguar,XJ AWD
Jaguar,XJ FFV
Jaguar,XJ LWB
Jaguar,XJ LWB AWD
Jaguar,XJ Sport
Jaguar,XJ-S
Jaguar,XJ-SC
Jaguar,XJ12
Jaguar,XJ6
Jaguar,XJ6L
Jaguar,XJ8
Jaguar,XJ8 4.2 Litre
Jaguar,XJ8L
Jaguar,XJ8l
Jaguar,XJL
Jaguar,XJL AWD
Jaguar,XJL FFV
Jaguar,XJR
Jaguar,XJR 4.2 Litre
Jaguar,XJRS Convertble
Jaguar,XJRS Coupe
Jaguar,XJS
Jaguar,XJS Convertible
Jaguar,XJS Coupe
Jaguar,XJS V12 Convertible
Jaguar,XJS V12 Coupe
Jaguar,XK
Jaguar,XK Convertible
Jaguar,XK8
Jaguar,XK8 Convertible
Jaguar,XKR
Jaguar,XKR Convertible
Jeep,CJ7
Jeep,CJ7 4WD
Jeep,CJ8 4WD
Jeep,Cherokee 2WD
Jeep,Cherokee 4WD
Jeep,Cherokee 4WD Active Drive II
Jeep,Cherokee FWD
Jeep,Cherokee Trailhawk 4WD
Jeep,Cherokee/Wagoneer
Jeep,Cherokee/Wagoneer 2WD
Jeep,Cherokee/Wagoneer 4WD
Jeep,Comanche 2WD
Jeep,Comanche 4WD
Jeep,Comanche Pickup 2WD
Jeep,Comanche Pickup 4WD
Jeep,Commander 2WD
Jeep,Commander 4WD
Jeep,Compass 2WD
Jeep,Compass 4WD
Jeep,Compass FWD
Jeep,Gladiator Pickup 4WD
Jeep,Grand Cherokee 2WD
Jeep,Grand Cherokee 4WD
Jeep,Grand Cherokee SRT 4WD
Jeep,Grand Cherokee SRT8
Jeep,Grand Cherokee SRT8 4WD
Jeep,Grand Cherokee SRT8 AWD
Jeep,Grand Cherokee TrackHawk 4WD
Jeep,Grand Cherokee Trackhawk 4WD
Jeep,Grand Wagoneer
Jeep,Grand Wagoneer 4WD
Jeep,J-10 Pickup 4WD
Jeep,J-10 Pickup Truck
Jeep,J-10 Pickup Truck 4WD
Jeep,J-20 Pickup Truck
Jeep,J-20 Pickup Truck 4WD
Jeep,Liberty 2WD
Jeep,Liberty 4WD
Jeep,Liberty/Cherokee 2WD
Jeep,Liberty/Cherokee 4WD
Jeep,New Compass 2WD
Jeep,New Compass 4WD
Jeep,New Wrangler 4WD
Jeep,New Wrangler Unlimited 4WD
Jeep,Patriot 2WD
Jeep,Patriot 4WD
Jeep,Patriot FWD
Jeep,Renegade 2WD
Jeep,Renegade 4WD
Jeep,Renegade Trailhawk 4WD
Jeep,Scrambler
Jeep,Scrambler Pickup 4WD
Jeep,Wagoneer 4WD
Jeep,Wagoneer Limited 4WD
Jeep,Wrangler 2WD
Jeep,Wrangler 4WD
Jeep,Wrangler Unlimited 4WD
Jeep,Wrangler/TJ 4WD
Karma,Revero
Kenyon Corporation Of America,Kenyon 5.0 Cabrio
Kenyon Corporation Of America,Kenyon 5.0 Coupe
Kenyon Corporation Of America,Kenyon 5.0 Sedan
Kenyon Corporation Of America,Kenyon 5.0 Sp Sedan
Kia,Amanti
Kia,Borrego 2WD
Kia,Borrego 4WD
Kia,Cadenza
Kia,Forte
Kia,Forte 5
Kia,Forte Eco
Kia,Forte FE
Kia,Forte Koup
Kia,K900
Kia,Niro
Kia,Niro Electric
Kia,Niro FE
Kia,Niro Plug-in Hybrid
Kia,Niro Touring
Kia,Optima
Kia,Optima (2006 New Model)
Kia,Optima FE
Kia,Optima Hybrid
Kia,Optima Hybrid EX
Kia,Optima Plug-in Hybrid
Kia,Optima S
Kia,Rio
Kia,Rio Eco
Kia,Rondo
Kia,Sedona
Kia,Sedona SX
Kia,Sedona SXL
Kia,Sephia
Kia,Sephia/Spectra
Kia,Sorento 2WD
Kia,Sorento 4WD
Kia,Sorento AWD
Kia,Sorento FE AWD
Kia,Sorento FWD
Kia,Soul
Kia,Soul ECO dynamics
Kia,Soul Eco
Kia,Soul Eco dynamics
Kia,Soul Electric
Kia,Spectra
Kia,Spectra 1.8L
Kia,Spectra 2.0L
Kia,Sportage 2WD
Kia,Sportage 4WD
Kia,Sportage AWD
Kia,Sportage FE AWD
Kia,Sportage FE FWD
Kia,Sportage FWD
Kia,Sportage SX AWD
Kia,Sportage SX FWD
Kia,Stinger AWD
Kia,Stinger RWD
Kia,Telluride AWD
Kia,Telluride FWD
Koenigsegg,Agera RS
Laforza Automobile Inc,Laforza
Lambda Control Systems,300E
Lamborghini,Aventador Coupe
Lamborghini,Aventador Coupe LP740-4
Lamborghini,Aventador Roadster
Lamborghini,Aventador Roadster LP740-4
Lamborghini,Aventador S Coupe
Lamborghini,Aventador S Roadster
Lamborghini,Aventador Veneno Coupe
Lamborghini,Countach
Lamborghini,Countach Lp500s
Lamborghini,DB132/144 - Diablo
Lamborghini,DB132/144 Diablo
Lamborghini,DB132/Diablo
Lamborghini,Gallardo Coupe
Lamborghini,Gallardo Coupe SL
Lamborghini,Gallardo Spyder
Lamborghini,Huracan
Lamborghini,Huracan 2WD
Lamborghini,Huracan Spyder
Lamborghini,Huracan Spyder 2WD
Lamborghini,L-140/141 Gallardo
Lamborghini,L-140/715 Gallardo
Lamborghini,L-147 Murcielago
Lamborghini,L-147/148 Murcielago
Lamborghini,Murcielago
Lamborghini,Murcielago Reventon
Lamborghini,Murcielago Reventon Roadster
Lamborghini,Murcielago Roadster
Lamborghini,Urus
Lamborghini,Veneno Roadster
Land Rover,Defender 110
Land Rover,Defender 90
Land Rover,Discovery
Land Rover,Discovery Series II
Land Rover,Discovery Sport
Land Rover,Discovery Sport (286 Hp)
Land Rover,Discovery Sport Si4
Land Rover,Evoque
Land Rover,Freelander
Land Rover,Freelander 3 Door
Land Rover,Freelander 5 Door
Land Rover,LR2
Land Rover,LR3
Land Rover,LR4
Land Rover,Range Rover
Land Rover,Range Rover 4.0
Land Rover,Range Rover 4.6
Land Rover,Range Rover County
Land Rover,Range Rover County Classic
Land Rover,Range Rover County LWB
Land Rover,Range Rover Evoque
Land Rover,Range Rover Evoque (286 Hp)
Land Rover,Range Rover Evoque 237HP
Land Rover,Range Rover Evoque 286HP
Land Rover,Range Rover Evoque Cabriolet
Land Rover,Range Rover Evoque Convertible
Land Rover,Range Rover FFV
Land Rover,Range Rover L FFV
Land Rover,Range Rover LWB
Land Rover,Range Rover LWB SVA
Land Rover,Range Rover MHEV
Land Rover,Range Rover SV Coupe
Land Rover,Range Rover SVA
Land Rover,Range Rover Sport
Land Rover,Range Rover Sport FFV
Land Rover,Range Rover Sport SVR
Land Rover,Range Rover Sport TDV6
Land Rover,Range Rover TDV6
Land Rover,Range Rover Velar
Land Rover,Range Rover Velar P300
Land Rover,Range Rover Velar P380
Lexus,CT 200h
Lexus,ES 250
Lexus,ES 300
Lexus,ES 300h
Lexus,ES 330
Lexus,ES 350
Lexus,ES 350 F Sport
Lexus,GS 200t
Lexus,GS 200t F Sport
Lexus,GS 300
Lexus,GS 300 4WD
Lexus,GS 300 F Sport
Lexus,GS 300/GS 400
Lexus,GS 300/GS 430
Lexus,GS 350
Lexus,GS 350 AWD
Lexus,GS 350 F Sport
Lexus,GS 430
Lexus,GS 450h
Lexus,GS 460
Lexus,GS F
Lexus,GS300
Lexus,GX 460
Lexus,GX 470
Lexus,HS 250h
Lexus,IS 200t
Lexus,IS 250
Lexus,IS 250 AWD
Lexus,IS 250 C
Lexus,IS 250/IS 250C
Lexus,IS 300
Lexus,IS 300 AWD
Lexus,IS 350
Lexus,IS 350 AWD
Lexus,IS 350 C
Lexus,IS 350/IS 350C
Lexus,IS F
Lexus,LC 500
Lexus,LC 500h
Lexus,LFA
Lexus,LS 400
Lexus,LS 430
Lexus,LS 460
Lexus,LS 460 AWD
Lexus,LS 460 L
Lexus,LS 460 L AWD
Lexus,LS 500
Lexus,LS 500 AWD
Lexus,LS 500h
Lexus,LS 500h AWD
Lexus,LS 600h L
Lexus,LX 450
Lexus,LX 470
Lexus,LX 570
Lexus,NX 200t
Lexus,NX 200t AWD
Lexus,NX 200t AWD F Sport
Lexus,NX 300
Lexus,NX 300 AWD
Lexus,NX 300 AWD F Sport
Lexus,NX 300h
Lexus,NX 300h AWD
Lexus,RC 200t
Lexus,RC 300
Lexus,RC 300 AWD
Lexus,RC 350
Lexus,RC 350 AWD
Lexus,RC F
Lexus,RX 300
Lexus,RX 300 4WD
Lexus,RX 330 2WD
Lexus,RX 330 4WD
Lexus,RX 350
Lexus,RX 350 2WD
Lexus,RX 350 4WD
Lexus,RX 350 AWD
Lexus,RX 350 L
Lexus,RX 350 L AWD
Lexus,RX 400h 2WD
Lexus,RX 400h 4WD
Lexus,RX 450h
Lexus,RX 450h AWD
Lexus,RX 450h L AWD
Lexus,SC
Lexus,SC 300/SC 400
Lexus,SC 300/SC 430
Lexus,SC 430
Lexus,UX 200
Lexus,UX 250h
Lexus,UX 250h AWD
Lincoln,Aviator 2WD
Lincoln,Aviator 4WD
Lincoln,Aviator AWD
Lincoln,Aviator RWD
Lincoln,Blackwood 2WD
Lincoln,Continental
Lincoln,Continental AWD
Lincoln,Continental FWD
Lincoln,Corsair AWD
Lincoln,Corsair FWD
Lincoln,LS
Lincoln,MKC AWD
Lincoln,MKC FWD
Lincoln,MKS AWD
Lincoln,MKS FWD
Lincoln,MKT AWD
Lincoln,MKT FWD
Lincoln,MKT Hearse AWD
Lincoln,MKT Limo AWD
Lincoln,MKT Livery AWD
Lincoln,MKT Livery FWD
Lincoln,MKX AWD
Lincoln,MKX FWD
Lincoln,MKZ AWD
Lincoln,MKZ FWD
Lincoln,MKZ Hybrid FWD
Lincoln,Mark LT
Lincoln,Mark LT 4WD
Lincoln,Mark VII
Lincoln,Mark VIII
Lincoln,Nautilus AWD
Lincoln,Nautilus FWD
Lincoln,Navigator 2WD
Lincoln,Navigator 2WD FFV
Lincoln,Navigator 4WD
Lincoln,Navigator 4WD FFV
Lincoln,Navigator L 2WD
Lincoln,Navigator L 4WD
Lincoln,Navigator Limo. 2WD FFV
Lincoln,Town Car
Lincoln,Town Car FFV
Lincoln,Zephyr
London Coach Co Inc,London Taxi
London Taxi,London Taxi
Lotus,98 Esprit V8
Lotus,Elan
Lotus,Elise/Exige
Lotus,Elise/exige
Lotus,Esprit
Lotus,Esprit Turbo
Lotus,Esprit Turbo HC PI
Lotus,Esprit V8
Lotus,Evora
Lotus,Evora GT
MINI,Clubman
MINI,Clubman S
MINI,Cooper
MINI,Cooper (3-doors)
MINI,Cooper (5-doors)
MINI,Cooper Clubman
MINI,Cooper Clubman All4
MINI,Cooper Clubvan
MINI,Cooper Convertible
MINI,Cooper Countryman
MINI,Cooper Countryman All4
MINI,Cooper Countryman Coupe
MINI,Cooper Coupe
MINI,Cooper Hardtop 2 door
MINI,Cooper Hardtop 4 door
MINI,Cooper Paceman
MINI,Cooper Roadster
MINI,Cooper S
MINI,Cooper S (3-doors)
MINI,Cooper S (5-doors)
MINI,Cooper S Clubman
MINI,Cooper S Clubman All4
MINI,Cooper S Convertible
MINI,Cooper S Countryman
MINI,Cooper S Countryman All4
MINI,Cooper S Countryman Coupe
MINI,Cooper S Countryman Coupe All4
MINI,Cooper S Coupe
MINI,Cooper S Hardtop 2 door
MINI,Cooper S Hardtop 4 door
MINI,Cooper S JCWorks GP Kit
MINI,Cooper S Paceman
MINI,Cooper S Paceman All4
MINI,Cooper S Roadster
MINI,Cooper SE Countryman All4
MINI,JCW Countryman All4
MINI,JCW Countryman Coupe All4
MINI,JCW Paceman All4
MINI,John Cooper Works
MINI,John Cooper Works Clubman
MINI,John Cooper Works Clubman All4
MINI,John Cooper Works Convertible
MINI,John Cooper Works Coupe
MINI,John Cooper Works GP-2
MINI,John Cooper Works Hardtop
MINI,John Cooper Works Roadster
MINI,MiniE
Mahindra,TR40
Maserati,222E
Maserati,225
Maserati,228
Maserati,430
Maserati,Biturbo
Maserati,Biturbo 425
Maserati,Biturbo Spyder
Maserati,Coupe Cambiocorsa/Coupe GT
Maserati,Coupe Cambiocorsa/GT/G-Sport
Maserati,Coupe Cambiocorsa/coupe GT
Maserati,Coupe and Gransport
Maserati,Ghibli
Maserati,Ghibli S XWD
Maserati,Ghibli V6 XWD
Maserati,Ghibli S
Maserati,Ghibli S RWD
Maserati,Ghibli SQ4
Maserati,Ghibli V6
Maserati,Ghibli V6 AWD
Maserati,Ghibli V6 SQ4
Maserati,Ghibli V6 SQ4 AWD
Maserati,GranTurismo
Maserati,GranTurismo Convertible
Maserati,Karif
Maserati,Levante
Maserati,Levante GTS
Maserati,Levante S
Maserati,Levante Trofeo
Maserati,Q
Maserati,Quattroporte
Maserati,Quattroporte GTS
Maserati,Quattroporte S
Maserati,Quattroporte SQ4
Maserati,Quattroporte SQ4 V6
Maserati,Quattroporte V8
Maserati,Quattroporte/QP Sport GT
Maserati,Spider Cambiocorsa/Spider GT
Maserati,Spider Cambiocorsa/spider GT
Maserati,Spyder
Maserati,Spyder Cambiocorsa/GT/90 ANV
Maybach,57
Maybach,57 Zeppelin
Maybach,57S
Maybach,62
Maybach,62S
Maybach,Landaulet
Mazda,2
Mazda,2500 2WD
Mazda,3
Mazda,3 4-Door
Mazda,3 4-Door 2WD
Mazda,3 4-Door 4WD
Mazda,3 5-Door
Mazda,3 5-Door 2WD
Mazda,3 5-Door 4WD
Mazda,3 DI 4-Door
Mazda,3 DI 5-Door
Mazda,323
Mazda,323 Protege 4x4
Mazda,323 Wagon
Mazda,323/323 Protege
Mazda,5
Mazda,6
Mazda,6 Sport Wagon
Mazda,626
Mazda,626/MX-6
Mazda,929
Mazda,B2000
Mazda,B2000/B2200 Pickup 2WD
Mazda,B2000/B2200/B2600
Mazda,B2200/B2600
Mazda,B2200/B2600i
Mazda,B2300 2WD
Mazda,B2300/B3000/B4000 Pickup 2WD
Mazda,B2300/B3000/B4000 Pickup 4WD
Mazda,B2500
Mazda,B2500 2WD
Mazda,B2500/B3000/B4000 2WD
Mazda,B2500/B3000/B4000 4WD
Mazda,B2600 4x4
Mazda,B2600i 4x4
Mazda,B3000
Mazda,B3000 (FFV) Ethanol 2WD
Mazda,B3000 2WD
Mazda,B3000 2WD FFV
Mazda,B3000 4WD
Mazda,B3000 FFV 2WD
Mazda,B3000 FFV 4WD
Mazda,B4000
Mazda,B4000 2WD
Mazda,B4000 4WD
Mazda,CX-3 2WD
Mazda,CX-3 4WD
Mazda,CX-5 2WD
Mazda,CX-5 4WD
Mazda,CX-7 2WD
Mazda,CX-7 4WD
Mazda,CX-9 2WD
Mazda,CX-9 4WD
Mazda,GLC
Mazda,GLC Wagon
Mazda,MPV
Mazda,MPV 4WD
Mazda,MPV 4x4
Mazda,MX-3
Mazda,MX-5
Mazda,MX-5 Miata
Mazda,MX-6
Mazda,Millenia
Mazda,Navajo
Mazda,Navajo 4x4
Mazda,Protege
Mazda,Protege/Protege 5
Mazda,Protege/Protege MPS
Mazda,RX-7
Mazda,RX-8
Mazda,Speed 3
Mazda,Tribute 2WD
Mazda,Tribute 4WD
Mazda,Tribute 4WD FFV
Mazda,Tribute FWD
Mazda,Tribute FWD FFV
Mazda,Tribute Hybrid 2WD
Mazda,Tribute Hybrid 4WD
McLaren Automotive,570GT
McLaren Automotive,570S Coupe
McLaren Automotive,650S Coupe
McLaren Automotive,650S Spider
McLaren Automotive,675LT Coupe
McLaren Automotive,MP4-12C Coupe
McLaren Automotive,MP4-12C Spider
McLaren Automotive,P1
Mcevoy Motors,240 DL/240 GL Sedan
Mcevoy Motors,240 DL/240 GL Wagon
Mcevoy Motors,740 GLE Sedan
Mcevoy Motors,740 GLE Wagon
Mercedes-Benz,190
Mercedes-Benz,190 D 2.2/190 E 2.3
Mercedes-Benz,190D 2.5
Mercedes-Benz,190D 2.5 Turbo
Mercedes-Benz,190E
Mercedes-Benz,190E 2.3
Mercedes-Benz,190E 2.3-16
Mercedes-Benz,190E 2.6
Mercedes-Benz,200E
Mercedes-Benz,230CE
Mercedes-Benz,230E
Mercedes-Benz,230TE
Mercedes-Benz,260E
Mercedes-Benz,300CE
Mercedes-Benz,300D
Mercedes-Benz,300D 2.5 Turbo
Mercedes-Benz,300D/300CD
Mercedes-Benz,300E
Mercedes-Benz,300E 2.6
Mercedes-Benz,300E 2.8
Mercedes-Benz,300E 4Matic
Mercedes-Benz,300SD
Mercedes-Benz,300SD/380SE
Mercedes-Benz,300SDL
Mercedes-Benz,300SE
Mercedes-Benz,300SEL
Mercedes-Benz,300SL
Mercedes-Benz,300TD
Mercedes-Benz,300TE
Mercedes-Benz,300TE 4Matic
Mercedes-Benz,350SD Turbo
Mercedes-Benz,350SDL Turbo
Mercedes-Benz,380SE
Mercedes-Benz,380SL
Mercedes-Benz,400E
Mercedes-Benz,400SE
Mercedes-Benz,400SEL
Mercedes-Benz,420 SE
Mercedes-Benz,420SE
Mercedes-Benz,420SEL
Mercedes-Benz,500E
Mercedes-Benz,500SE
Mercedes-Benz,500SEC
Mercedes-Benz,500SEL
Mercedes-Benz,500SEL 5.0L
Mercedes-Benz,500SEL 5.6L
Mercedes-Benz,500SL
Mercedes-Benz,560SE
Mercedes-Benz,560SEC
Mercedes-Benz,560SEL
Mercedes-Benz,560SL
Mercedes-Benz,600SEL
Mercedes-Benz,600SEL/SEC
Mercedes-Benz,600SL
Mercedes-Benz,A220
Mercedes-Benz,A220 4matic
Mercedes-Benz,AMG C43 4matic
Mercedes-Benz,AMG C43 4matic Convertible
Mercedes-Benz,AMG C43 4matic Coupe
Mercedes-Benz,AMG C63
Mercedes-Benz,AMG C63 Convertible
Mercedes-Benz,AMG C63 Coupe
Mercedes-Benz,AMG C63 S
Mercedes-Benz,AMG C63 S Convertible
Mercedes-Benz,AMG C63 S Coupe
Mercedes-Benz,AMG CLA45 4matic
Mercedes-Benz,AMG CLS53 4matic Plus
Mercedes-Benz,AMG CLS63 S 4matic
Mercedes-Benz,AMG E43 4matic
Mercedes-Benz,AMG E53 4matic Plus
Mercedes-Benz,AMG E53 4matic Plus Convertible
Mercedes-Benz,AMG E53 4matic Plus Coupe
Mercedes-Benz,AMG E63 4matic
Mercedes-Benz,AMG E63 S 4matic
Mercedes-Benz,AMG E63 S 4matic (wagon)
Mercedes-Benz,AMG G63
Mercedes-Benz,AMG G65
Mercedes-Benz,AMG GL63
Mercedes-Benz,AMG GLA45 4matic
Mercedes-Benz,AMG GLC43 4matic
Mercedes-Benz,AMG GLC43 4matic Coupe
Mercedes-Benz,AMG GLC63 4matic
Mercedes-Benz,AMG GLC63 4matic Coupe
Mercedes-Benz,AMG GLC63 4matic Plus
Mercedes-Benz,AMG GLC63 4matic Plus Coupe
Mercedes-Benz,AMG GLC63 S 4matic Coupe
Mercedes-Benz,AMG GLC63 S 4matic Plus Coupe
Mercedes-Benz,AMG GLE43 4matic
Mercedes-Benz,AMG GLE43 4matic Coupe
Mercedes-Benz,AMG GLE63
Mercedes-Benz,AMG GLE63 S
Mercedes-Benz,AMG GLE63 S Coupe
Mercedes-Benz,AMG GLS63
Mercedes-Benz,AMG GT
Mercedes-Benz,AMG GT 53 4matic Plus
Mercedes-Benz,AMG GT 63 4matic Plus
Mercedes-Benz,AMG GT 63 S 4matic Plus
Mercedes-Benz,AMG GT C Coupe
Mercedes-Benz,AMG GT C Roadster
Mercedes-Benz,AMG GT Coupe
Mercedes-Benz,AMG GT R Coupe
Mercedes-Benz,AMG GT R Roadster
Mercedes-Benz,AMG GT Roadster
Mercedes-Benz,AMG GT S
Mercedes-Benz,AMG GT S Coupe
Mercedes-Benz,AMG S63 4matic
Mercedes-Benz,AMG S63 4matic Convertible
Mercedes-Benz,AMG S63 4matic Coupe
Mercedes-Benz,AMG S63 4matic Plus
Mercedes-Benz,AMG S63 4matic Plus Convertible
Mercedes-Benz,AMG S63 4matic Plus Coupe
Mercedes-Benz,AMG S65
Mercedes-Benz,AMG S65 Convertible
Mercedes-Benz,AMG S65 Coupe
Mercedes-Benz,AMG SL63
Mercedes-Benz,AMG SL65
Mercedes-Benz,AMG SLC43
Mercedes-Benz,AMG SLK55
Mercedes-Benz,B-Class Electric Drive
Mercedes-Benz,B250e
Mercedes-Benz,C220
Mercedes-Benz,C230
Mercedes-Benz,C230 Kompressor
Mercedes-Benz,C230 Kompressor Sports Coupe
Mercedes-Benz,C240
Mercedes-Benz,C240 (Wagon)
Mercedes-Benz,C240 4matic
Mercedes-Benz,C240 4matic (Wagon)
Mercedes-Benz,C240 FFV
Mercedes-Benz,C240 FFV (Wagon)
Mercedes-Benz,C250
Mercedes-Benz,C250 Coupe
Mercedes-Benz,C280
Mercedes-Benz,C280 4matic
Mercedes-Benz,C300
Mercedes-Benz,C300 4matic
Mercedes-Benz,C300 4matic Convertible
Mercedes-Benz,C300 4matic Coupe
Mercedes-Benz,C300 Convertible
Mercedes-Benz,C300 Coupe
Mercedes-Benz,C32 AMG
Mercedes-Benz,C320
Mercedes-Benz,C320 (Wagon)
Mercedes-Benz,C320 4matic
Mercedes-Benz,C320 4matic (Wagon)
Mercedes-Benz,C320 4matic Sedan
Mercedes-Benz,C320 FFV
Mercedes-Benz,C320 FFV (Wagon)
Mercedes-Benz,C320 Sports Coupe
Mercedes-Benz,C320 Sports Coupe FFV
Mercedes-Benz,C350
Mercedes-Benz,C350 4matic
Mercedes-Benz,C350 4matic Coupe
Mercedes-Benz,C350 Coupe
Mercedes-Benz,C350e
Mercedes-Benz,C36
Mercedes-Benz,C36 AMG
Mercedes-Benz,C400 4matic
Mercedes-Benz,C43
Mercedes-Benz,C43 AMG
Mercedes-Benz,C450 AMG
Mercedes-Benz,C55 AMG
Mercedes-Benz,C63 AMG
Mercedes-Benz,C63 AMG Black Series Coupe
Mercedes-Benz,C63 AMG Coupe
Mercedes-Benz,CL500
Mercedes-Benz,CL55 AMG
Mercedes-Benz,CL550
Mercedes-Benz,CL550 4matic
Mercedes-Benz,CL600
Mercedes-Benz,CL63 AMG
Mercedes-Benz,CL65 AMG
Mercedes-Benz,CLA250
Mercedes-Benz,CLA250 4matic
Mercedes-Benz,CLA45 AMG 4matic
Mercedes-Benz,CLK320
Mercedes-Benz,CLK320 (Cabriolet)
Mercedes-Benz,CLK320 Cabriolet
Mercedes-Benz,CLK350
Mercedes-Benz,CLK350 (Cabriolet)
Mercedes-Benz,CLK430
Mercedes-Benz,CLK430 (Cabriolet)
Mercedes-Benz,CLK500
Mercedes-Benz,CLK500 (Cabriolet)
Mercedes-Benz,CLK55 AMG
Mercedes-Benz,CLK55 AMG (Cabriolet)
Mercedes-Benz,CLK550
Mercedes-Benz,CLK550 (Cabriolet)
Mercedes-Benz,CLK63 AMG
Mercedes-Benz,CLK63 AMG (Cabriolet)
Mercedes-Benz,CLS400
Mercedes-Benz,CLS400 4matic
Mercedes-Benz,CLS450
Mercedes-Benz,CLS450 4matic
Mercedes-Benz,CLS500
Mercedes-Benz,CLS55 AMG
Mercedes-Benz,CLS550
Mercedes-Benz,CLS550 4matic
Mercedes-Benz,CLS63 AMG
Mercedes-Benz,CLS63 AMG 4matic
Mercedes-Benz,CLS63 AMG S
Mercedes-Benz,CLS63 AMG S 4matic
Mercedes-Benz,E250 Bluetec
Mercedes-Benz,E250 Bluetec 4matic
Mercedes-Benz,E300
Mercedes-Benz,E300 4matic
Mercedes-Benz,E300 Diesel
Mercedes-Benz,E300 Turbodiesel
Mercedes-Benz,E320
Mercedes-Benz,E320 (Wagon)
Mercedes-Benz,E320 4Matic
Mercedes-Benz,E320 4Matic (Wagon)
Mercedes-Benz,E320 4matic
Mercedes-Benz,E320 4matic (Wagon)
Mercedes-Benz,E320 Bluetec
Mercedes-Benz,E320 Cdi
Mercedes-Benz,E320 Convertible
Mercedes-Benz,E320 Coupe
Mercedes-Benz,E320 Sedan
Mercedes-Benz,E320 Sedan 4Matic
Mercedes-Benz,E320 Wagon
Mercedes-Benz,E320 Wagon 4Matic
Mercedes-Benz,E350
Mercedes-Benz,E350 (wagon)
Mercedes-Benz,E350 4Matic
Mercedes-Benz,E350 4matic
Mercedes-Benz,E350 4matic (wagon)
Mercedes-Benz,E350 4matic Coupe
Mercedes-Benz,E350 Bluetec
Mercedes-Benz,E350 Convertible
Mercedes-Benz,E350 Coupe
Mercedes-Benz,E400
Mercedes-Benz,E400 4matic
Mercedes-Benz,E400 4matic (station wagon)
Mercedes-Benz,E400 4matic Convertible
Mercedes-Benz,E400 4matic Coupe
Mercedes-Benz,E400 Convertible
Mercedes-Benz,E400 Coupe
Mercedes-Benz,E400 Hybrid
Mercedes-Benz,E420
Mercedes-Benz,E430
Mercedes-Benz,E430 4Matic
Mercedes-Benz,E450 4matic
Mercedes-Benz,E450 4matic (station wagon)
Mercedes-Benz,E450 4matic Convertible
Mercedes-Benz,E450 4matic Coupe
Mercedes-Benz,E450 Convertible
Mercedes-Benz,E450 Coupe
Mercedes-Benz,E500
Mercedes-Benz,E500 (Wagon)
Mercedes-Benz,E500 4matic
Mercedes-Benz,E500 4matic (Wagon)
Mercedes-Benz,E500 4matic (wagon)
Mercedes-Benz,E55 AMG
Mercedes-Benz,E55 AMG (Wagon)
Mercedes-Benz,E55 AMG (wagon)
Mercedes-Benz,E550
Mercedes-Benz,E550 4matic
Mercedes-Benz,E550 Convertible
Mercedes-Benz,E550 Coupe
Mercedes-Benz,E63 AMG
Mercedes-Benz,E63 AMG (wagon)
Mercedes-Benz,E63 AMG 4matic
Mercedes-Benz,E63 AMG 4matic (wagon)
Mercedes-Benz,E63 AMG S
Mercedes-Benz,E63 AMG S 4matic
Mercedes-Benz,E63 AMG S 4matic (wagon)
Mercedes-Benz,G500
Mercedes-Benz,G55 AMG
Mercedes-Benz,G550
Mercedes-Benz,G550 4x4
Mercedes-Benz,G550 4x4 (Special Off-Road Model)
Mercedes-Benz,G63 AMG
Mercedes-Benz,GL320 Bluetec
Mercedes-Benz,GL320 CDI 4matic
Mercedes-Benz,GL350 Bluetec
Mercedes-Benz,GL350 Bluetec 4matic
Mercedes-Benz,GL450 4matic
Mercedes-Benz,GL550 4matic
Mercedes-Benz,GL63 AMG
Mercedes-Benz,GLA250
Mercedes-Benz,GLA250 4matic
Mercedes-Benz,GLA45 AMG 4matic
Mercedes-Benz,GLB250
Mercedes-Benz,GLB250 4matic
Mercedes-Benz,GLC300
Mercedes-Benz,GLC300 4matic
Mercedes-Benz,GLC300 4matic Coupe
Mercedes-Benz,GLC350e 4matic
Mercedes-Benz,GLE300 d 4matic
Mercedes-Benz,GLE350
Mercedes-Benz,GLE350 4matic
Mercedes-Benz,GLE350 d 4matic
Mercedes-Benz,GLE400 4matic
Mercedes-Benz,GLE450 4matic
Mercedes-Benz,GLE450 AMG Coupe
Mercedes-Benz,GLE550e 4matic
Mercedes-Benz,GLK250 Bluetec 4matic
Mercedes-Benz,GLK350
Mercedes-Benz,GLK350 4matic
Mercedes-Benz,GLS450 4matic
Mercedes-Benz,GLS550 4matic
Mercedes-Benz,ML250 Bluetec 4matic
Mercedes-Benz,ML320
Mercedes-Benz,ML320 Bluetec
Mercedes-Benz,ML320 CDI 4matic
Mercedes-Benz,ML350
Mercedes-Benz,ML350 4matic
Mercedes-Benz,ML350 Bluetec
Mercedes-Benz,ML350 Bluetec 4matic
Mercedes-Benz,ML400 4matic
Mercedes-Benz,ML430
Mercedes-Benz,ML450 Hybrid 4matic
Mercedes-Benz,ML500
Mercedes-Benz,ML500 4matic
Mercedes-Benz,ML55
Mercedes-Benz,ML55 AMG
Mercedes-Benz,ML550 4matic
Mercedes-Benz,ML63 AMG
Mercedes-Benz,Maybach S 600
Mercedes-Benz,Maybach S550 4matic
Mercedes-Benz,Maybach S560 4matic
Mercedes-Benz,Maybach S600
Mercedes-Benz,Maybach S650
Mercedes-Benz,Maybach S650 Convertible
Mercedes-Benz,Metris (Cargo Van)
Mercedes-Benz,"Metris (Cargo Van, LWB)"
Mercedes-Benz,Metris (Passenger Van)
Mercedes-Benz,R320 Bluetec
Mercedes-Benz,R320 CDI 4matic
Mercedes-Benz,R350
Mercedes-Benz,R350 4matic
Mercedes-Benz,R350 Bluetec
Mercedes-Benz,R350 Bluetec 4matic
Mercedes-Benz,R500
Mercedes-Benz,R500 4matic
Mercedes-Benz,R63 AMG
Mercedes-Benz,S320
Mercedes-Benz,S350
Mercedes-Benz,S350 Bluetec 4matic
Mercedes-Benz,S350D
Mercedes-Benz,S400 Hybrid
Mercedes-Benz,S420
Mercedes-Benz,S430
Mercedes-Benz,S430 4matic
Mercedes-Benz,S450
Mercedes-Benz,S450 4matic
Mercedes-Benz,S500
Mercedes-Benz,S500 4matic
Mercedes-Benz,S500 Coupe
Mercedes-Benz,S500 Sedan
Mercedes-Benz,S55 AMG
Mercedes-Benz,S550
Mercedes-Benz,S550 4matic
Mercedes-Benz,S550 4matic Coupe
Mercedes-Benz,S550 Convertible
Mercedes-Benz,S550e
Mercedes-Benz,S560
Mercedes-Benz,S560 4matic
Mercedes-Benz,S560 4matic Coupe
Mercedes-Benz,S560 4matic Maybach
Mercedes-Benz,S560 Convertible
Mercedes-Benz,S560e
Mercedes-Benz,S600
Mercedes-Benz,S600 Coupe
Mercedes-Benz,S600 Sedan
Mercedes-Benz,S63 AMG
Mercedes-Benz,S63 AMG 4matic
Mercedes-Benz,S63 AMG 4matic Coupe
Mercedes-Benz,S65 AMG
Mercedes-Benz,S65 AMG Convertible
Mercedes-Benz,S65 AMG Coupe
Mercedes-Benz,SL320
Mercedes-Benz,SL400
Mercedes-Benz,SL450
Mercedes-Benz,SL500
Mercedes-Benz,SL55 AMG
Mercedes-Benz,SL550
Mercedes-Benz,SL600
Mercedes-Benz,SL63 AMG
Mercedes-Benz,SL65 AMG
Mercedes-Benz,SLC300
Mercedes-Benz,SLK230
Mercedes-Benz,SLK230 Kompressor
Mercedes-Benz,SLK250
Mercedes-Benz,SLK280
Mercedes-Benz,SLK300
Mercedes-Benz,SLK32 AMG
Mercedes-Benz,SLK320
Mercedes-Benz,SLK350
Mercedes-Benz,SLK55 AMG
Mercedes-Benz,SLR
Mercedes-Benz,SLS AMG
Mercedes-Benz,SLS AMG Black Series Coupe
Mercedes-Benz,SLS AMG Coupe
Mercedes-Benz,SLS AMG GT Coupe
Mercedes-Benz,SLS AMG GT Roadster
Mercedes-Benz,SLS AMG Roadster
Mercury,Capri
Mercury,Cougar
Mercury,Grand Marquis
Mercury,Grand Marquis FFV
Mercury,Grand Marquis Wagon
Mercury,Lynx
Mercury,Lynx Wagon
Mercury,Marauder
Mercury,Mariner 2WD
Mercury,Mariner 4WD
Mercury,Mariner 4WD FFV
Mercury,Mariner FWD
Mercury,Mariner FWD FFV
Mercury,Mariner Hybrid 4WD
Mercury,Mariner Hybrid FWD
Mercury,Marquis
Mercury,Marquis Wagon
Mercury,Milan
Mercury,Milan AWD
Mercury,Milan AWD FFV
Mercury,Milan FFV
Mercury,Milan FWD
Mercury,Milan FWD FFV
Mercury,Milan Hybrid FWD
Mercury,Milan S
Mercury,Milan S FWD
Mercury,Montego AWD
Mercury,Montego FWD
Mercury,Monterey Wagon FWD
Mercury,Mountaineer 2WD
Mercury,Mountaineer 2WD FFV
Mercury,Mountaineer 4WD
Mercury,Mountaineer 4WD FFV
Mercury,Mountaineer AWD
Mercury,Mountaineer FFV 2WD
Mercury,Mountaineer FFV 4WD
Mercury,Mystique
Mercury,Sable
Mercury,Sable (FFV)
Mercury,Sable AWD
Mercury,Sable FWD
Mercury,Sable Wagon
Mercury,Sable Wagon (FFV)
Mercury,Sable Wagon 3.0 A/C
Mercury,Sable Wagon V6 A/C
Mercury,Topaz
Mercury,Topaz AWD
Mercury,Tracer
Mercury,Tracer Wagon
Mercury,Villager FWD Van
Mercury,Villager FWD Wagon
Merkur,Scorpio
Merkur,XR4Ti
Mitsubishi,3000 GT
Mitsubishi,3000 GT Spyder
Mitsubishi,Cordia
Mitsubishi,Diamante
Mitsubishi,Diamante Sedan
Mitsubishi,Diamante Wagon
Mitsubishi,Eclipse
Mitsubishi,Eclipse Convertible
Mitsubishi,Eclipse Cross 2WD
Mitsubishi,Eclipse Cross 4WD
Mitsubishi,Eclipse Cross ES 2WD
Mitsubishi,Eclipse Cross ES 4WD
Mitsubishi,Eclipse Spyder
Mitsubishi,Endeavor
Mitsubishi,Endeavor 2WD
Mitsubishi,Endeavor 4WD
Mitsubishi,Endeavor AWD
Mitsubishi,Expo
Mitsubishi,Expo.LRV
Mitsubishi,Galant
Mitsubishi,Galant Sigma
Mitsubishi,Lancer
Mitsubishi,Lancer 4WD
Mitsubishi,Lancer AWD
Mitsubishi,Lancer Evolution
Mitsubishi,Lancer Sportback
Mitsubishi,Mirage
Mitsubishi,Mirage G4
Mitsubishi,Mirage Wagon
Mitsubishi,Montero
Mitsubishi,Montero 4WD
Mitsubishi,Montero Sport 2WD
Mitsubishi,Montero Sport 4WD
Mitsubishi,Nativa 2WD
Mitsubishi,Nativa 2WD (Puerto Rico Only)
Mitsubishi,Nativa 2WD(Puerto Rico Only)
Mitsubishi,Nativa 4WD
Mitsubishi,Nativa 4WD (Puerto Rico Only)
Mitsubishi,Outlander 2WD
Mitsubishi,Outlander 4WD
Mitsubishi,Outlander PHEV
Mitsubishi,Outlander Sport 2WD
Mitsubishi,Outlander Sport 4WD
Mitsubishi,Precis
Mitsubishi,Raider Pickup 2WD
Mitsubishi,Raider Pickup 4WD
Mitsubishi,Sigma
Mitsubishi,Space Wagon
Mitsubishi,Space Wagon 4WD
Mitsubishi,Starion
Mitsubishi,Tredia
Mitsubishi,Truck 2WD
Mitsubishi,Truck 4WD
Mitsubishi,Van
Mitsubishi,Wagon
Mitsubishi,i-MiEV
Mobility Ventures LLC,MV-1
Mobility Ventures LLC,MV-1 CNG
Morgan,Plus Eight
Nissan,200SX
Nissan,240SX
Nissan,300ZX
Nissan,300ZX 2x2
Nissan,350z
Nissan,350z Roadster
Nissan,370Z
Nissan,370Z Roadster
Nissan,370z
Nissan,Altima
Nissan,Altima / Stanza
Nissan,Altima AWD
Nissan,Altima AWD SR/Platinum
Nissan,Altima Coupe
Nissan,Altima Hybrid
Nissan,Altima SR
Nissan,Altima SR/Platinum
Nissan,Altra EV
Nissan,Armada 2WD
Nissan,Armada 2WD FFV
Nissan,Armada 4WD
Nissan,Armada 4WD FFV
Nissan,Axxess
Nissan,Axxess AWD
Nissan,Cube
Nissan,Frontier 2WD
Nissan,Frontier 2WD FFV
Nissan,Frontier 4WD
Nissan,Frontier 4WD FFV
Nissan,Frontier V6 2WD
Nissan,Frontier V6 4WD
Nissan,GT-R
Nissan,Hardbody 2WD
Nissan,Hardbody 4WD
Nissan,Hyper-Mini
Nissan,Juke
Nissan,Juke AWD
Nissan,Juke Nismo RS
Nissan,Juke Nismo RS AWD
Nissan,Kicks
Nissan,Leaf
Nissan,Leaf (24 kW-hr battery pack)
Nissan,Leaf (30 kW-hr battery pack)
Nissan,Leaf (40 kW-hr battery pack)
Nissan,Leaf (62 kW-hr battery pack)
Nissan,Leaf SV/SL (62 kW-hr battery pack)
Nissan,Maxima
Nissan,Maxima Wagon
Nissan,Murano 2WD
Nissan,Murano AWD
Nissan,Murano CrossCabriolet
Nissan,Murano FWD
Nissan,Murano Hybrid AWD
Nissan,Murano Hybrid FWD
Nissan,NV200 Cargo Van
Nissan,NV200 NYC Taxi
Nissan,NX
Nissan,NX Coupe
Nissan,Pathfinder 2WD
Nissan,Pathfinder 4WD
Nissan,Pathfinder 4WD Platinum
Nissan,Pathfinder Armada 2WD
Nissan,Pathfinder Armada 4WD
Nissan,Pathfinder FE 2WD
Nissan,Pathfinder Hybrid 2WD
Nissan,Pathfinder Hybrid 4WD
Nissan,Pathfinder Van (cargo)
Nissan,Pickup 2WD
Nissan,Pickup 4WD
Nissan,Pickup Cab Chassis
Nissan,Pulsar NX
Nissan,Pulsar/Pulsar-NX
Nissan,Quest
Nissan,Rogue AWD
Nissan,Rogue FWD
Nissan,Rogue Hybrid AWD
Nissan,Rogue Hybrid FWD
Nissan,Rogue Select AWD
Nissan,Rogue Select FWD
Nissan,Rogue Sport
Nissan,Rogue Sport AWD
Nissan,Rogue Sport FWD
Nissan,Sentra
Nissan,Sentra Classic
Nissan,Sentra Coupe
Nissan,Sentra FE
Nissan,Sentra Honeybee
Nissan,Sentra Nismo
Nissan,Sentra Wagon
Nissan,Sentra Wagon 4WD
Nissan,Sentra/200SX
Nissan,Stanza
Nissan,Stanza Wagon 2WD
Nissan,Stanza Wagon 4WD
Nissan,Titan 2WD
Nissan,Titan 2WD FFV
Nissan,Titan 4WD
Nissan,Titan 4WD XWD
Nissan,Titan 4WD FFV
Nissan,Titan 4WD PRO4X
Nissan,Titan FE 2WD
Nissan,Titan FE 2WD FFV
Nissan,Truck 2WD
Nissan,Truck 2WD (new Version)
Nissan,Truck 4WD
Nissan,Truck 4WD (new Version)
Nissan,Truck Cab Chassis 2WD
Nissan,Van (cargo)
Nissan,Van (passenger)
Nissan,Van(cargo)
Nissan,Versa
Nissan,Versa FE
Nissan,Xterra 2WD
Nissan,Xterra 4WD
Nissan,Xterra V6 2WD
Nissan,Xterra V6 4WD
Oldsmobile,Achieva
Oldsmobile,Alero
Oldsmobile,Aurora
Oldsmobile,Bravada 2WD
Oldsmobile,Bravada AWD
Oldsmobile,Calais
Oldsmobile,Ciera SL
Oldsmobile,Ciera SL Wagon
Oldsmobile,Custom Cruiser
Oldsmobile,Custom Cruiser Wagon
Oldsmobile,Cutlass
Oldsmobile,Cutlass Calais
Oldsmobile,Cutlass Ciera
Oldsmobile,Cutlass Cruiser
Oldsmobile,Cutlass Cruiser Wagon
Oldsmobile,Cutlass Supreme
Oldsmobile,Cutlass Supreme Classic
Oldsmobile,Delta 88
Oldsmobile,Delta 88 Royale
Oldsmobile,Eighty-Eight
Oldsmobile,Eighty-Eight/Regency
Oldsmobile,Eighty-Eight/Regency/LSS
Oldsmobile,Firenza
Oldsmobile,Firenza Cruiser
Oldsmobile,Firenza Cruiser Wagon
Oldsmobile,Intrigue
Oldsmobile,Ninety-Eight
Oldsmobile,Ninety-Eight II
Oldsmobile,Ninety-Eight Regency
Oldsmobile,Ninety-Eight/Touring
Oldsmobile,Omega
Oldsmobile,Silhouette 2WD
Oldsmobile,Silhouette AWD
Oldsmobile,Toronado
Oldsmobile,Trofeo/Toronado
PAS Inc - GMC,Pas-Syclone
PAS Inc - GMC,Pas-typhoon
"PAS, Inc",Pas-Syclone
"PAS, Inc",Pas-Typhoon
Pagani,Huayra
Pagani,Huayra Coupe
Panos,Roadster
Panoz Auto-Development,Panoz Roadster
Panther Car Company Limited,Kallista
Peugeot,405 Sedan
Peugeot,405 Sports Wagon
Peugeot,405 Station Wagon
Peugeot,505
Peugeot,505 Sedan
Peugeot,505 Station Wagon
Peugeot,505 Wagon
Peugeot,604 Sedan
Pininfarina,Spider
Plymouth,Acclaim
Plymouth,Breeze
Plymouth,Caravelle
Plymouth,Colt
Plymouth,Colt Vista
Plymouth,Colt Vista 4WD
Plymouth,Colt Wagon
Plymouth,Colt Wagon 4WD
Plymouth,Conquest
Plymouth,Gran Fury
Plymouth,Horizon
Plymouth,Laser
Plymouth,Neon
Plymouth,Prowler
Plymouth,Reliant
Plymouth,Reliant Wagon
Plymouth,Sundance
Plymouth,Sundance Convertible
Plymouth,Sundance/Duster
Plymouth,Turismo
Plymouth,Voyager 2WD
Plymouth,Voyager/Grand Voyager 2WD
Plymouth,Voyager/Grand Voyager 4WD
Pontiac,1000
Pontiac,2000 Sunbird
Pontiac,2000 Sunbird Convertible
Pontiac,2000 Sunbird Wagon
Pontiac,20th Anniversary Trans Am
Pontiac,6000
Pontiac,6000 Wagon
Pontiac,Aztek AWD
Pontiac,Aztek FWD
Pontiac,Bonneville
Pontiac,Fiero
Pontiac,Firebird
Pontiac,Firebird/Formula
Pontiac,Firebird/Trans Am
Pontiac,Firebird/Trans Am/Formula
Pontiac,Firefly
Pontiac,Firefly FE
Pontiac,G3 (3-Door)
Pontiac,G3 (5-Door)
Pontiac,G3 Wave
Pontiac,G3 Wave 5
Pontiac,G5
Pontiac,G5 GT
Pontiac,G5 XFE
Pontiac,G5/Pursuit
Pontiac,G6
Pontiac,G6 GT/GTP Convertible
Pontiac,G8
Pontiac,GTO
Pontiac,Grand Am
Pontiac,Grand Prix
Pontiac,Grand Prix Ste Turbo
Pontiac,Grand Prix Turbo
Pontiac,Lemans
Pontiac,Montana AWD
Pontiac,Montana FWD
Pontiac,Montana SV6 AWD
Pontiac,Montana SV6 FWD
Pontiac,Montana SVX AWD
Pontiac,Montana SVX FWD
Pontiac,Monterey Wagon FWD
Pontiac,Parisienne
Pontiac,Parisienne Wagon
Pontiac,Phoenix
Pontiac,Safari Wagon
Pontiac,Solstice
Pontiac,Sunbird
Pontiac,Sunbird Convertible
Pontiac,Sunbird Wagon
Pontiac,Sunburst
Pontiac,Sunfire
Pontiac,Torrent AWD
Pontiac,Torrent FWD
Pontiac,Trans Sport 2WD
Pontiac,Trans Sport/Montana 2WD
Pontiac,Turbo Firefly
Pontiac,Vibe
Pontiac,Vibe AWD
Pontiac,Wave
Pontiac,Wave 5
Porsche,911
Porsche,911 C4 GTS
Porsche,911 C4 GTS Cabriolet
Porsche,911 Carrera
Porsche,911 Carrera 2/4
Porsche,911 Carrera 4
Porsche,911 Carrera 4 Cabriolet
Porsche,911 Carrera 4 GTS
Porsche,911 Carrera 4 GTS Cabriolet
Porsche,911 Carrera 4 Targa
Porsche,911 Carrera 4/2
Porsche,911 Carrera 4S
Porsche,911 Carrera 4S Cabriolet
Porsche,911 Carrera 4S Targa
Porsche,911 Carrera Cabriolet
Porsche,911 Carrera GTS
Porsche,911 Carrera GTS Cabriolet
Porsche,911 Carrera S
Porsche,911 Carrera S Cabriolet
Porsche,911 Carrera T
Porsche,911 GT2
Porsche,911 GT2 RS
Porsche,911 GT3
Porsche,911 GT3 RS
Porsche,911 GT3 Touring
Porsche,911 GTS
Porsche,911 GTS Cabriolet
Porsche,911 R
Porsche,911 SC
Porsche,911 Speedster
Porsche,911 Targa
Porsche,911 Targa 4
Porsche,911 Targa 4 GTS
Porsche,911 Targa 4S
Porsche,911 Turbo
Porsche,911 Turbo Cabriolet
Porsche,911 Turbo Coupe
Porsche,911 Turbo S
Porsche,911 Turbo S Cabriolet
Porsche,911 Turbo S Coupe
Porsche,911 Turbo S Exclusive
Porsche,911 Turbo S Exclusive Cabriolet
Porsche,918 Spyder
Porsche,924 S
Porsche,928 GTS
Porsche,928 S
Porsche,928 S4
Porsche,944
Porsche,944 S
Porsche,944 S2
Porsche,944 Turbo
Porsche,968
Porsche,Boxster
Porsche,Boxster GTS
Porsche,Boxster S
Porsche,Boxster Spyder
Porsche,Carrera
Porsche,Carrera 2 911 GT3
Porsche,Carrera 2 Cabriolet
Porsche,Carrera 2 Cabriolet Kit
Porsche,Carrera 2 Coupe
Porsche,Carrera 2 Coupe Kit
Porsche,Carrera 2 S Cabriolet
Porsche,Carrera 2 S Coupe
Porsche,Carrera 4
Porsche,Carrera 4 Cabriolet
Porsche,Carrera 4 Cabriolet Kit
Porsche,Carrera 4 Coupe
Porsche,Carrera 4 S
Porsche,Carrera 4 S Cabriolet
Porsche,Carrera 4 S Cabriolet Kit
Porsche,Carrera 4 S Coupe
Porsche,Carrera 4 S Kit
Porsche,Carrera 4 S Targa
Porsche,Carrera 4 Targa
Porsche,Carrera GT
Porsche,Cayenne
Porsche,Cayenne Diesel
Porsche,Cayenne GTS
Porsche,Cayenne Platinum
Porsche,Cayenne S
Porsche,Cayenne S Hybrid
Porsche,Cayenne S e-Hybrid
Porsche,Cayenne TransSiberia
Porsche,Cayenne Turbo
Porsche,Cayenne Turbo Kit
Porsche,Cayenne Turbo S
Porsche,Cayenne e-Hybrid
Porsche,Cayman
Porsche,Cayman GT4
Porsche,Cayman GTS
Porsche,Cayman R
Porsche,Cayman S
Porsche,Macan
Porsche,Macan GTS
Porsche,Macan S
Porsche,Macan Turbo
Porsche,Macan Turbo Kit
Porsche,New 911 Carrera
Porsche,New 911 Carrera Cabriolet
Porsche,New 911 Carrera S
Porsche,New 911 Carrera S Cabriolet
Porsche,Panamera
Porsche,Panamera 4
Porsche,Panamera 4 Executive
Porsche,Panamera 4 ST
Porsche,Panamera 4 e-Hybrid
Porsche,Panamera 4 e-Hybrid Executive
Porsche,Panamera 4 e-Hybrid ST
Porsche,Panamera 4S
Porsche,Panamera 4S Executive
Porsche,Panamera 4S ST
Porsche,Panamera GTS
Porsche,Panamera GTS ST
Porsche,Panamera S
Porsche,Panamera S E-Hybrid
Porsche,Panamera S Hybrid
Porsche,Panamera Turbo
Porsche,Panamera Turbo Exec
Porsche,Panamera Turbo Executive
Porsche,Panamera Turbo S
Porsche,Panamera Turbo S Executive
Porsche,Panamera Turbo S e-Hybrid
Porsche,Panamera Turbo S e-Hybrid Executive
Porsche,Panamera Turbo S e-Hybrid ST
Porsche,Panamera Turbo ST
Porsche,Targa
Porsche,Targa Kit
Porsche,Turbo
Porsche,Turbo 2 911 GT2
Porsche,Turbo 2 911 Gt2
Porsche,Turbo 4 911
Porsche,Turbo 4 911 Cab
Porsche,Turbo 4 911 Cab Kit
Porsche,Turbo 4 911 Kit
Porsche,Turbo 4 911 S
Porsche,Turbo 4 911 Turbo
Porsche,Turbo 4 911 Turbo Cab S
Porsche,Turbo GT2
Porsche,Turbo Kit
Quantum Technologies,Chevrolet Cavalier
Qvale,Detomaso Mangusta
RUF Automobile,RUF TURBO 12/CTR3
Ram,1500 2WD
Ram,1500 4WD
Ram,1500 Classic 2WD
Ram,1500 Classic 4WD
Ram,1500 HFE 2WD
Ram,C/V
Ram,C/V Cargo Van
Ram,C/V Tradesman
Ram,Promaster City
Red Shift Ltd.,Delta 204T
Renault,18i
Renault,18i 4DR Wagon
Renault,18i Sportwagon
Renault,Alliance
Renault,Alliance Convertible
Renault,Alliance/Encore
Renault,Fuego
Renault,GTA
Renault,GTA Convertible
Renault,Sportwagon
Rolls-Royce,Azure
Rolls-Royce,Brooklands
Rolls-Royce,Brooklands and (LWB)
Rolls-Royce,Brooklands/Brklnds L
Rolls-Royce,Camargue
Rolls-Royce,Continental
Rolls-Royce,Continental (turbo)
Rolls-Royce,Continental R
Rolls-Royce,Continental T
Rolls-Royce,Corniche
Rolls-Royce,Corniche II
Rolls-Royce,Corniche II/Continental
Rolls-Royce,Corniche III
Rolls-Royce,Corniche IV
Rolls-Royce,Corniche S
Rolls-Royce,Corniche/Continental
Rolls-Royce,Cullinan
Rolls-Royce,Cullinan Black Badge
Rolls-Royce,Dawn
Rolls-Royce,Eight/Mulsan
Rolls-Royce,Eight/Mulsanne S
Rolls-Royce,Eight/Mulsanne S and S
Rolls-Royce,Flying Spur
Rolls-Royce,Ghost
Rolls-Royce,Ghost EWB
Rolls-Royce,Limousine
Rolls-Royce,Park Ward
Rolls-Royce,Phantom
Rolls-Royce,Phantom Coupe
Rolls-Royce,Phantom Drophead Coupe
Rolls-Royce,Phantom EWB
Rolls-Royce,Silver Dawn
Rolls-Royce,Silver Seraph
Rolls-Royce,Silver Spirit II/Silver Spur
Rolls-Royce,Silver Spirit III/Spur III
Rolls-Royce,Silver Spirit/Silver Spur
Rolls-Royce,Silver Spirit/Spur/Mulsanne
Rolls-Royce,Silver Spur
Rolls-Royce,Silver Spur II Mpw Touring L
Rolls-Royce,Silver Spur III Limousine
Rolls-Royce,Silver Spur Limousine
Rolls-Royce,Silver Spur Park Ward
Rolls-Royce,Silver Spur/Silver Dawn
Rolls-Royce,Spirit III/Spur III/Dawn
Rolls-Royce,Turbo R
Rolls-Royce,Turbo R/Rl Bklds Turbo/LWB
Rolls-Royce,Turbo R/Turbo R(lwb)
Rolls-Royce,Turbo R/Turbo Rl
Rolls-Royce,Wraith
Roush Performance,Boss F150 Super Cab 2WD
Roush Performance,F150 Pickup 2WD
Roush Performance,F150 Pickup 4WD
Roush Performance,F150 Raptor Pickup 4WD
Roush Performance,Stage 3 F-150 2WD
Roush Performance,Stage 3 F-150 4WD
Roush Performance,Stage 3 F-150 Supercab 2WD
Roush Performance,Stage 3 F-150 Supercab 4WD
Roush Performance,Stage 3 F-150 Supercrew 2WD
Roush Performance,Stage 3 F-150 Supercrew 4WD
Roush Performance,Stage 3 F150 Regular Cab 2WD
Roush Performance,Stage 3 F150 Regular Cab 4WD
Roush Performance,Stage 3 F150 Super Cab 2WD
Roush Performance,Stage 3 F150 Super Cab 4WD
Roush Performance,Stage 3 F150 Super Crew 2WD
Roush Performance,Stage 3 F150 Super Crew 4WD
Roush Performance,Stage 3 Mustang
Roush Performance,Stage 3 Mustang Coupe
Ruf Automobile Gmbh,Ruf
S and S Coach Company E.p. Dutton,Funeral Coach 2WD
SRT,Viper
STI,S209
Saab,9-2x Wagon AWD
Saab,9-3
Saab,9-3 Aero Sedan AWD
Saab,9-3 Aero SportCombi AWD
Saab,9-3 Convertible
Saab,9-3 Sedan AWD
Saab,9-3 Sport Sedan
Saab,9-3 SportCombi
Saab,9-3 Viggen
Saab,9-3 Viggen Convertible
Saab,9-3X SportCombi AWD
Saab,9-4X AWD
Saab,9-4X FWD
Saab,9-5
Saab,9-5 Sedan
Saab,9-5 Sedan AWD
Saab,9-5 SportCombi
Saab,9-5 Wagon
Saab,9-7X AWD
Saab,900
Saab,900 Convertible
Saab,9000
Saab,900S
Saab,900S Convertible
Saab,900SE
Saab,900SE Convertible
Saab,Convertible
Saleen,Mustang
Saleen,Mustang S351
Saleen,SSC
Saleen Performance,F150 Supercharged
Saleen Performance,S281 Family
Saleen Performance,S331 Family
Saturn,Astra 2DR Hatchback
Saturn,Astra 4DR Hatchback
Saturn,Aura
Saturn,Aura Hybrid
Saturn,Ion
Saturn,L100/200
Saturn,L200
Saturn,L300
Saturn,LS
Saturn,LW
Saturn,LW200
Saturn,LW300
Saturn,Outlook AWD
Saturn,Outlook FWD
Saturn,Relay AWD
Saturn,Relay FWD
Saturn,SC
Saturn,SKY
Saturn,SL
Saturn,SW
Saturn,Vue AWD
Saturn,Vue FWD
Saturn,Vue Hybrid
Scion,FR-S
Scion,iA
Scion,iM
Scion,iQ
Scion,iQ EV
Scion,tC
Scion,xA
Scion,xB
Scion,xD
Shelby,Mustang GT
Spyker,C8
Spyker,C8 Aileron
Spyker,C8 Double 12 S
Spyker,C8 Double 12 Spyder
Spyker,C8 Laviolette
Spyker,C8 Spyder
Spyker,C8 Spyder Wide Body
Sterling,825
Sterling,827
Subaru,3 Door 4WD Turbo
Subaru,Ascent
Subaru,Ascent Limited/Touring
Subaru,B9 Tribeca AWD
Subaru,BRZ
Subaru,BRZ tS
Subaru,Baja AWD
Subaru,Brat 4WD
Subaru,Crosstrek AWD
Subaru,Crosstrek Hybrid AWD
Subaru,Forester AWD
Subaru,Hatchback
Subaru,Hatchback 4WD
Subaru,Impreza
Subaru,Impreza 4-Door
Subaru,Impreza 5-Door
Subaru,Impreza AWD
Subaru,Impreza Sport 4-Door
Subaru,Impreza Sport 5-Door
Subaru,Impreza Sport AWD
Subaru,Impreza Wagon
Subaru,Impreza Wagon AWD
Subaru,Impreza Wagon/Outback SPT AWD
Subaru,Impreza Wagon/Outback Sport
Subaru,Impreza Wagon/Outback Sport AWD
Subaru,Justy
Subaru,Justy 4WD
Subaru,Justy AWD
Subaru,Legacy
Subaru,Legacy 4WD
Subaru,Legacy 4WD Turbo
Subaru,Legacy AWD
Subaru,Legacy AWD (incl. Outback)
Subaru,Legacy AWD Turbo
Subaru,Legacy Turbo
Subaru,Legacy Wagon
Subaru,Legacy Wagon 4WD
Subaru,Legacy Wagon AWD
Subaru,Legacy Wagon AWD (incl. Outback)
Subaru,Legacy Wagon AWD Turbo
Subaru,Legacy/Outback AWD
Subaru,Legacy/Outback Wagon AWD
Subaru,Loyale
Subaru,Loyale 4WD
Subaru,Loyale 4WD Turbo
Subaru,Loyale AWD
Subaru,Loyale Wagon
Subaru,Loyale Wagon 4WD
Subaru,Loyale Wagon 4WD Turbo
Subaru,Loyale Wagon AWD
Subaru,Outback AWD
Subaru,Outback Wagon AWD
Subaru,RX Turbo
Subaru,SVX
Subaru,SVX AWD
Subaru,Sedan
Subaru,Sedan 4WD
Subaru,Sedan/3 Door
Subaru,Sedan/3 Door 4WD
Subaru,Sedan/3Door 4WD Turbo
Subaru,Tribeca AWD
Subaru,WRX
Subaru,WRX STI Type RA
Subaru,Wagon
Subaru,Wagon 4WD
Subaru,Wagon 4WD Turbo
Subaru,XT
Subaru,XT 4WD
Subaru,XT-DL
Subaru,XV Crosstrek AWD
Subaru,XV Crosstrek Hybrid AWD
Superior Coaches Div E.p. Dutton,Funeral Coach 2WD
Suzuki,Aerio
Suzuki,Aerio 4WD
Suzuki,Aerio AWD
Suzuki,Aerio SX
Suzuki,Aerio SX 4WD
Suzuki,Aerio SX AWD
Suzuki,Equator 2WD
Suzuki,Equator 4WD
Suzuki,Esteem
Suzuki,Esteem Wagon
Suzuki,Forenza
Suzuki,Forenza Wagon
Suzuki,Forsa
Suzuki,Forsa Turbo
Suzuki,Grand Vitara
Suzuki,Grand Vitara 4Door 2WD
Suzuki,Grand Vitara 4Door 4WD
Suzuki,Grand Vitara 4WD
Suzuki,Grand Vitara AWD
Suzuki,Grand Vitara XL7
Suzuki,Grand Vitara XL7 4WD
Suzuki,Kizashi
Suzuki,Kizashi AWD
Suzuki,Kizashi S
Suzuki,Kizashi S AWD
Suzuki,Reno
Suzuki,SA310
Suzuki,SJ 410 4WD
Suzuki,SJ 410V 4WD
Suzuki,SJ410K P/U 4WD
Suzuki,SW
Suzuki,SX4
Suzuki,SX4 AWD
Suzuki,SX4 Sedan
Suzuki,SX4 Sport
Suzuki,SX4 Sport/Anniversary Edition
Suzuki,Samurai
Suzuki,Samurai 2WD
Suzuki,Samurai Convertible
Suzuki,Samurai Hardtop
Suzuki,Samurai Hardtop 4WD
Suzuki,Samurai Soft-top 4WD
Suzuki,Sidekick 2Door 2WD
Suzuki,Sidekick 2Door 4WD
Suzuki,Sidekick 2Door RWD
Suzuki,Sidekick 2WD
Suzuki,Sidekick 4Door 2WD
Suzuki,Sidekick 4Door 4WD
Suzuki,Sidekick 4Door RWD
Suzuki,Sidekick Convertible 4WD
Suzuki,Sidekick Hardtop 2WD
Suzuki,Sidekick Hardtop 4WD
Suzuki,Sidekick Soft-top 4WD
Suzuki,Sidekick Sport 2WD
Suzuki,Sidekick Sport 4WD
Suzuki,Sidekick Sport RWD
Suzuki,Swift
Suzuki,Swift GA
Suzuki,Swift GT
Suzuki,Swift GTI
Suzuki,Swift x
Suzuki,Verona
Suzuki,Vitara 2 Door
Suzuki,Vitara 2 Door 4WD
Suzuki,Vitara 2Door
Suzuki,Vitara 2Door 2WD
Suzuki,Vitara 2Door 4WD
Suzuki,Vitara 4 Door
Suzuki,Vitara 4 Door 4WD
Suzuki,Vitara 4Door
Suzuki,Vitara 4Door 2WD
Suzuki,Vitara 4Door 4WD
Suzuki,X-90 2WD
Suzuki,X-90 4WD
Suzuki,X-90 RWD
Suzuki,XL7 AWD
Suzuki,XL7 FWD
TVR Engineering Ltd,TVR 280i Convertible
TVR Engineering Ltd,TVR 280i Coupe
TVR Engineering Ltd,TVR 280i/350i Convertible
TVR Engineering Ltd,TVR 280i/350i Coupe
"Tecstar, LP",Foose F150 Regular Cab 2WD
"Tecstar, LP",Foose F150 Regular Cab 4WD
"Tecstar, LP",Foose F150 Super Cab 2WD
"Tecstar, LP",Foose F150 Super Cab 4WD
"Tecstar, LP",Foose F150 Super Crew 2WD
"Tecstar, LP",Foose F150 Super Crew 4WD
Tesla,Model 3 Long Range
Tesla,Model 3 Long Range XWD
Tesla,Model 3 Long Range XWD Performance
Tesla,Model 3 Long Range AWD
Tesla,Model 3 Long Range AWD Performance
Tesla,Model 3 Mid Range
Tesla,Model 3 Standard Range
Tesla,Model 3 Standard Range Plus
Tesla,Model S
Tesla,Model S (40 kW-hr battery pack)
Tesla,Model S (60 kW-hr battery pack)
Tesla,Model S (70 kW-hr battery pack)
Tesla,Model S (75 kW-hr battery pack)
Tesla,Model S (85 kW-hr battery pack)
Tesla,Model S (90 kW-hr battery pack)
Tesla,Model S 100D
Tesla,Model S 75D
Tesla,Model S 75kWh
Tesla,Model S AWD (85 kW-hr battery pack)
Tesla,Model S AWD - 100D
Tesla,Model S AWD - 60D
Tesla,Model S AWD - 70D
Tesla,Model S AWD - 75D
Tesla,Model S AWD - 85D
Tesla,Model S AWD - 90D
Tesla,Model S AWD - P100D
Tesla,Model S AWD - P85D
Tesla,Model S AWD - P90D
Tesla,Model S Long Range
Tesla,Model S P100D
Tesla,Model S Performance (19in Wheels)
Tesla,Model S Performance (21in Wheels)
Tesla,Model S Standard Range
Tesla,Model X 100D
Tesla,Model X 75D
Tesla,Model X AWD - 100D
Tesla,Model X AWD - 60D
Tesla,Model X AWD - 75D
Tesla,Model X AWD - 90D
Tesla,Model X AWD - P100D
Tesla,Model X AWD - P90D
Tesla,Model X Long Range
Tesla,Model X P100D
Tesla,Model X Performance (22in Wheels)
Texas Coach Company,500 SEC
Texas Coach Company,500SE
Texas Coach Company,500SEL
Texas Coach Company,500SL
Toyota,1-Ton Truck 2WD
Toyota,4Runner 2WD
Toyota,4Runner 4WD
Toyota,86
Toyota,Avalon
Toyota,Avalon Hybrid
Toyota,Avalon Hybrid XLE
Toyota,Avalon XLE
Toyota,C-HR
Toyota,Cab Chassis 2WD
Toyota,Cab/Chassis
Toyota,Cab/Chassis 2WD
Toyota,Camry
Toyota,Camry CNG
Toyota,Camry Hybrid
Toyota,Camry Hybrid LE
Toyota,Camry Hybrid XLE
Toyota,Camry Hybrid XLE/SE
Toyota,Camry LE/SE
Toyota,Camry Solara
Toyota,Camry Solara Convertible
Toyota,Camry TRD
Toyota,Camry Wagon
Toyota,Camry XLE/XSE
Toyota,Camry XSE
Toyota,Cargo Van 2WD
Toyota,Cargo Van 4WD
Toyota,Celica
Toyota,Celica Convertible
Toyota,Celica Supra
Toyota,Corolla
Toyota,Corolla All-Trac Wagon
Toyota,Corolla FX
Toyota,Corolla Hatchback
Toyota,Corolla Hatchback XSE
Toyota,Corolla Hybrid
Toyota,Corolla LE Eco
Toyota,Corolla Sport
Toyota,Corolla Wagon
Toyota,Corolla XLE
Toyota,Corolla XSE
Toyota,Corolla iM
Toyota,Cressida
Toyota,Cressida Wagon
Toyota,Echo
Toyota,FJ Cruiser 2WD
Toyota,FJ Cruiser 4WD
Toyota,GR Supra
Toyota,Highlander
Toyota,Highlander 2WD
Toyota,Highlander 4WD
Toyota,Highlander AWD
Toyota,Highlander AWD LE
Toyota,Highlander Hybrid 2WD
Toyota,Highlander Hybrid 4WD
Toyota,Highlander Hybrid AWD
Toyota,Highlander Hybrid AWD LE Plus
Toyota,Highlander LE/XLE/SE/LTD
Toyota,Land Cruiser Wagon 4WD
Toyota,MR2
Toyota,Matrix
Toyota,Matrix AWD
Toyota,Paseo
Toyota,Paseo Convertible
Toyota,Previa
Toyota,Previa All-Trac
Toyota,Prius
Toyota,Prius AWD
Toyota,Prius Eco
Toyota,Prius Plug-in Hybrid
Toyota,Prius Prime
Toyota,Prius c
Toyota,Prius v
Toyota,RAV4
Toyota,RAV4 2WD
Toyota,RAV4 4WD
Toyota,RAV4 AWD
Toyota,RAV4 AWD LE
Toyota,RAV4 AWD TRD OFFROAD
Toyota,RAV4 EV
Toyota,RAV4 Hybrid AWD
Toyota,RAV4 LE/XLE
Toyota,RAV4 Limited AWD
Toyota,RAV4 Limited AWD/SE AWD
Toyota,RAV4 Soft Top 2WD
Toyota,RAV4 Soft Top 4WD
Toyota,Sequoia 2WD
Toyota,Sequoia 4WD
Toyota,Sequoia 4WD FFV
Toyota,Sienna 2WD
Toyota,Sienna 4WD
Toyota,Sienna AWD
Toyota,Starlet
Toyota,Supra
Toyota,T100 2WD
Toyota,T100 4WD
Toyota,Tacoma 2WD
Toyota,Tacoma 4WD
Toyota,Tacoma 4WD D-CAB MT TRD-ORP/PRO
Toyota,Tacoma 4WD Double Cab
Toyota,Tacoma 4WD Double Cab Off-Road
Toyota,Tacoma 4WD TRD PRO
Toyota,Tercel
Toyota,Tercel EZ
Toyota,Tercel Wagon
Toyota,Tercel Wagon 2WD
Toyota,Tercel Wagon 4WD
Toyota,Truck 2WD
Toyota,Truck 2WD/T100 2WD
Toyota,Truck 4WD
Toyota,Truck 4WD/T100 4WD
Toyota,Tundra 2WD
Toyota,Tundra 2WD FFV
Toyota,Tundra 4WD
Toyota,Tundra 4WD FFV
Toyota,Van 2WD
Toyota,Van 2WD (cargo)
Toyota,Van 2WD (passenger)
Toyota,Van 4WD
Toyota,Van 4WD (cargo)
Toyota,Van 4WD (passenger)
Toyota,Venza
Toyota,Venza 4WD
Toyota,Venza AWD
Toyota,Yaris
Toyota,Yaris iA
VPG,MV-1
VPG,MV-1 CNG
Vector,Avtech SC / M12
Vector,W8
Vixen Motor Company,21 TD
Volga Associated Automobile,Niva
Volkswagen,Arteon
Volkswagen,Arteon 4motion
Volkswagen,Atlas
Volkswagen,Atlas 4motion
Volkswagen,Atlas Cross Sport
Volkswagen,Atlas Cross Sport 4motion
Volkswagen,Beetle
Volkswagen,Beetle Convertible
Volkswagen,Beetle Dune
Volkswagen,Beetle Dune Convertible
Volkswagen,CC
Volkswagen,CC 4motion
Volkswagen,Cabrio
Volkswagen,Cabriolet
Volkswagen,Corrado
Volkswagen,Corrado SLC
Volkswagen,Eos
Volkswagen,Eurovan
Volkswagen,Eurovan Camper
Volkswagen,Fox
Volkswagen,Fox GL Wagon
Volkswagen,Fox Wagon
Volkswagen,GTI
Volkswagen,GTI 16v
Volkswagen,GTI VR6
Volkswagen,GTI/Golf GT
Volkswagen,Golf
Volkswagen,Golf Alltrack
Volkswagen,Golf III
Volkswagen,Golf III / GTI
Volkswagen,Golf R
Volkswagen,Golf SportWagen
Volkswagen,Golf SportWagen 4motion
Volkswagen,Golf/GTI
Volkswagen,Jetta
Volkswagen,Jetta GLI
Volkswagen,Jetta GLI 16v
Volkswagen,Jetta GLI/Wolfsburg Edition
Volkswagen,Jetta GLX
Volkswagen,Jetta Hybrid
Volkswagen,Jetta III
Volkswagen,Jetta III GLX
Volkswagen,Jetta SportWagen
Volkswagen,Jetta Wagon
Volkswagen,New Beetle
Volkswagen,New Beetle Convertible
Volkswagen,New GTI
Volkswagen,New Golf
Volkswagen,New Jetta
Volkswagen,Passat
Volkswagen,Passat 4motion
Volkswagen,Passat Syncro
Volkswagen,Passat Wagon
Volkswagen,Passat Wagon 4motion
Volkswagen,Passat Wagon Syncro
Volkswagen,Phaeton
Volkswagen,Quantum
Volkswagen,Quantum Syncro Wagon
Volkswagen,Quantum Wagon
Volkswagen,R32
Volkswagen,Rabbit
Volkswagen,Rabbit Convertible
Volkswagen,Routan
Volkswagen,Routan FWD
Volkswagen,Scirocco
Volkswagen,Scirocco 16v
Volkswagen,Tiguan
Volkswagen,Tiguan 4motion
Volkswagen,Tiguan Limited
Volkswagen,Tiguan Limited 4motion
Volkswagen,Touareg
Volkswagen,Touareg Hybrid
Volkswagen,Vanagon 2WD
Volkswagen,Vanagon Syncro 4WD
Volkswagen,Vanagon/Camper 2WD
Volkswagen,e-Golf
Volvo,240
Volvo,240 DL/240 GL
Volvo,240 DL/240 GL Wagon
Volvo,240 DL/GL/Turbo
Volvo,240 DL/GL/Turbo Wagon
Volvo,240 DL/GL/turbo
Volvo,240 DL/GL/turbo Wagon
Volvo,240 Wagon
Volvo,740
Volvo,740 16-Valve
Volvo,740 16-Valve Wagon
Volvo,740 Wagon
Volvo,740/760
Volvo,740/760 Wagon
Volvo,760
Volvo,760 GLE
Volvo,760 Wagon
Volvo,780
Volvo,850
Volvo,850 Wagon
Volvo,940
Volvo,940 GLE 16-Valve
Volvo,940 GLE 16-Valve Wagon
Volvo,940 SE
Volvo,940 SE Wagon
Volvo,940 Turbo
Volvo,940 Turbo Wagon
Volvo,940 Wagon
Volvo,960
Volvo,960 Wagon
Volvo,960 Wagon/V90
Volvo,960/S90
Volvo,C30 FWD
Volvo,C70
Volvo,C70 Convertible
Volvo,C70 Coupe
Volvo,C70 FWD
Volvo,Coupe
Volvo,New C70 Convertible
Volvo,S40 AWD
Volvo,S40 FWD
Volvo,S60
Volvo,S60 AWD
Volvo,S60 AWD PHEV
Volvo,S60 CC AWD
Volvo,S60 FWD
Volvo,S60 Inscription AWD
Volvo,S60 Inscription FWD
Volvo,S60 PoleStar AWD
Volvo,S60 Polestar AWD
Volvo,S60 R AWD
Volvo,S70
Volvo,S70 AWD
Volvo,S80
Volvo,S80 AWD
Volvo,S80 FWD
Volvo,S80/S80 Executive
Volvo,S80/S80 Premier
Volvo,S90
Volvo,S90 AWD
Volvo,S90 AWD PHEV
Volvo,S90 FWD
Volvo,V40
Volvo,V50 AWD
Volvo,V50 FWD
Volvo,V60 AWD
Volvo,V60 AWD PHEV
Volvo,V60 CC AWD
Volvo,V60 CC FWD
Volvo,V60 FWD
Volvo,V60 PoleStar AWD
Volvo,V60 Polestar AWD
Volvo,V70 AWD
Volvo,V70 FWD
Volvo,V70 R AWD
Volvo,V70 XC AWD
Volvo,V90
Volvo,V90 AWD
Volvo,V90 CC AWD
Volvo,V90 FWD
Volvo,XC40 AWD
Volvo,XC40 FWD
Volvo,XC60 AWD
Volvo,XC60 AWD PHEV
Volvo,XC60 FWD
Volvo,XC70 AWD
Volvo,XC70 FWD
Volvo,XC90 AWD
Volvo,XC90 AWD PHEV
Volvo,XC90 FWD
Wallace Environmental,Wetl 190E
Wallace Environmental,Wetl 190E 2.3
Wallace Environmental,Wetl 300 CE
Wallace Environmental,Wetl 300 E
Wallace Environmental,Wetl 300 GE
Wallace Environmental,Wetl 300 SL
Wallace Environmental,Wetl 300 TE
Wallace Environmental,Wetl 412
Wallace Environmental,Wetl 500 SE
Wallace Environmental,Wetl 500 SEC
Wallace Environmental,Wetl 500 SEL
Wallace Environmental,Wetl 500 SL
Wallace Environmental,Wetl 560 SEC
Wallace Environmental,Wetl 560 SEL
Wallace Environmental,Wetl 560 SL
Wallace Environmental,Wetl 600 SEL
Wallace Environmental,Wetl 850I
Wallace Environmental,Wetl Testarossa
Yugo,GV
Yugo,GV Plus/GV/Cabrio
Yugo,GV/GVX
Yugo,Gy/yugo GVX
smart,EQ fortwo (convertible)
smart,EQ fortwo (coupe)
smart,fortwo cabriolet
smart,fortwo convertible
smart,fortwo coupe
smart,fortwo electric drive cabriolet
smart,fortwo electric drive convertible
smart,fortwo electric drive coupe
